ID do colaborador|Escolaridade|Salário|Quantidade de Filhos|Hobby|Possui Pet|Estado Civil
1|Superior|4260.92|2|Artes|Sim|Divorciado(a)
2|Fundamental|3966.24|2|Música|Sim|Solteiro(a)
3|Superior|1879.9|3|Artes|Não|Solteiro(a)
4|Superior|4709.23|4|Leitura|Sim|Solteiro(a)
5|Médio|7108.04|0|Esportes|Sim|Viúvo(a)
6|Médio|8924.56|4|Artes|Não|Casado(a)
7|Fundamental|4020.64|1|Leitura|Não|Viúvo(a)
8|Fundamental|7808.99|1|Leitura|Não|Divorciado(a)
9|Fundamental|3496.97|2|Leitura|Sim|Solteiro(a)
10|Médio|5528.49|3|Viagens|Não|Solteiro(a)
11|Fundamental|6680.35|2|Artes|Não|Viúvo(a)
12|Fundamental|3038.72|3|Artes|Não|Divorciado(a)
13|Fundamental|7804.18|0|Leitura|Sim|Casado(a)
14|Médio|7703.04|3|Música|Não|Viúvo(a)
15|Médio|7758.46|4|Música|Não|Divorciado(a)
16|Superior|5571.1|4|Viagens|Não|Casado(a)
17|Médio|2434.41|3|Esportes|Não|Viúvo(a)
18|Fundamental|2966.28|4|Viagens|Sim|Viúvo(a)
19|Superior|4311.77|2|Leitura|Não|Solteiro(a)
20|Médio|6007.38|1|Leitura|Não|Solteiro(a)
21|Superior|1515.87|4|Leitura|Sim|Divorciado(a)
22|Médio|2964.5|3|Leitura|Não|Casado(a)
23|Fundamental|5726.78|0|Música|Não|Viúvo(a)
24|Superior|3326.46|2|Esportes|Não|Casado(a)
25|Superior|7983.38|4|Esportes|Não|Viúvo(a)
26|Superior|8681.97|0|Viagens|Sim|Casado(a)
27|Fundamental|8934.6|3|Música|Sim|Casado(a)
28|Fundamental|8837.46|3|Música|Sim|Divorciado(a)
29|Médio|6482.58|2|Viagens|Não|Divorciado(a)
30|Superior|1015.36|3|Viagens|Não|Solteiro(a)
31|Médio|7545.72|1|Artes|Sim|Solteiro(a)
32|Fundamental|3242.45|0|Artes|Não|Casado(a)
33|Superior|5577.86|3|Esportes|Sim|Viúvo(a)
34|Superior|4482.18|3|Viagens|Sim|Solteiro(a)
35|Médio|5259.19|3|Artes|Sim|Viúvo(a)
36|Médio|6387.08|4|Artes|Sim|Casado(a)
37|Médio|6812.53|1|Música|Não|Divorciado(a)
38|Superior|4912.78|3|Música|Sim|Solteiro(a)
39|Médio|1354.94|1|Esportes|Sim|Viúvo(a)
40|Médio|8416.87|0|Música|Não|Casado(a)
41|Médio|8381.05|0|Esportes|Não|Solteiro(a)
42|Médio|2739.06|0|Leitura|Não|Divorciado(a)
43|Médio|4417.55|3|Artes|Sim|Divorciado(a)
44|Médio|9599.22|0|Artes|Não|Divorciado(a)
45|Superior|9954.54|4|Esportes|Não|Viúvo(a)
46|Médio|9874.87|0|Artes|Sim|Solteiro(a)
47|Superior|8441.87|1|Música|Não|Divorciado(a)
48|Superior|2582.08|4|Esportes|Sim|Casado(a)
49|Superior|4375.5|3|Esportes|Sim|Divorciado(a)
50|Médio|1527.04|2|Viagens|Sim|Divorciado(a)
51|Médio|8701.34|1|Esportes|Não|Solteiro(a)
52|Médio|5782.59|0|Viagens|Sim|Viúvo(a)
53|Superior|9771.3|1|Leitura|Sim|Casado(a)
54|Médio|1028.55|2|Artes|Não|Divorciado(a)
55|Fundamental|6518.58|1|Viagens|Não|Casado(a)
56|Médio|8472.49|1|Artes|Sim|Viúvo(a)
57|Fundamental|3675.75|3|Artes|Não|Viúvo(a)
58|Fundamental|6263.0|0|Música|Sim|Solteiro(a)
59|Médio|1764.03|3|Música|Não|Divorciado(a)
60|Médio|7957.76|1|Música|Sim|Viúvo(a)
61|Fundamental|3834.88|1|Leitura|Não|Solteiro(a)
62|Médio|7911.43|1|Esportes|Não|Divorciado(a)
63|Superior|7767.97|4|Música|Sim|Casado(a)
64|Fundamental|9342.89|2|Leitura|Não|Solteiro(a)
65|Médio|3536.38|4|Música|Não|Divorciado(a)
66|Fundamental|8503.27|0|Artes|Sim|Solteiro(a)
67|Superior|7793.26|2|Artes|Sim|Viúvo(a)
68|Fundamental|5519.87|3|Leitura|Sim|Divorciado(a)
69|Fundamental|9668.07|2|Viagens|Não|Casado(a)
70|Médio|1566.21|1|Viagens|Sim|Divorciado(a)
71|Médio|1135.79|3|Música|Sim|Viúvo(a)
72|Médio|7211.45|3|Viagens|Sim|Casado(a)
73|Médio|3861.5|0|Leitura|Não|Divorciado(a)
74|Fundamental|7922.53|2|Música|Não|Solteiro(a)
75|Superior|5366.83|3|Artes|Não|Solteiro(a)
76|Fundamental|3646.6|3|Esportes|Não|Solteiro(a)
77|Fundamental|6349.74|0|Viagens|Sim|Solteiro(a)
78|Fundamental|3804.94|3|Música|Sim|Viúvo(a)
79|Médio|4977.19|3|Viagens|Sim|Casado(a)
80|Médio|9782.76|0|Música|Não|Divorciado(a)
81|Médio|6826.59|3|Leitura|Não|Casado(a)
82|Médio|6096.45|4|Artes|Sim|Divorciado(a)
83|Fundamental|4630.91|2|Viagens|Sim|Solteiro(a)
84|Fundamental|3874.72|4|Leitura|Sim|Divorciado(a)
85|Superior|9619.73|1|Viagens|Sim|Solteiro(a)
86|Médio|5026.58|3|Música|Não|Viúvo(a)
87|Fundamental|4639.35|3|Música|Sim|Viúvo(a)
88|Fundamental|1282.48|3|Esportes|Não|Casado(a)
89|Fundamental|9438.95|1|Música|Não|Casado(a)
90|Médio|8399.06|3|Viagens|Não|Viúvo(a)
91|Fundamental|9581.52|1|Música|Não|Solteiro(a)
92|Médio|4196.67|0|Viagens|Não|Solteiro(a)
93|Fundamental|6774.42|0|Leitura|Não|Divorciado(a)
94|Superior|4423.4|2|Artes|Não|Divorciado(a)
95|Fundamental|8185.09|0|Artes|Não|Divorciado(a)
96|Superior|4791.39|4|Esportes|Não|Divorciado(a)
97|Fundamental|9626.64|0|Leitura|Não|Casado(a)
98|Superior|3121.09|2|Esportes|Não|Divorciado(a)
99|Fundamental|8287.96|2|Leitura|Não|Viúvo(a)
100|Médio|9921.78|1|Artes|Sim|Divorciado(a)
101|Superior|1319.99|0|Leitura|Sim|Casado(a)
102|Médio|4330.38|2|Esportes|Sim|Casado(a)
103|Superior|2351.25|3|Esportes|Sim|Viúvo(a)
104|Fundamental|1735.07|0|Música|Sim|Viúvo(a)
105|Superior|5145.07|0|Música|Não|Divorciado(a)
106|Superior|4742.56|4|Leitura|Sim|Divorciado(a)
107|Fundamental|1737.01|1|Música|Não|Solteiro(a)
108|Superior|8161.77|1|Leitura|Sim|Solteiro(a)
109|Superior|5734.01|4|Leitura|Não|Viúvo(a)
110|Médio|3500.99|4|Leitura|Sim|Solteiro(a)
111|Superior|5313.89|2|Leitura|Não|Solteiro(a)
112|Médio|9501.73|4|Viagens|Sim|Solteiro(a)
113|Fundamental|8217.04|1|Artes|Sim|Solteiro(a)
114|Superior|1203.15|3|Música|Sim|Casado(a)
115|Superior|6726.25|3|Viagens|Não|Solteiro(a)
116|Superior|9815.03|3|Artes|Sim|Viúvo(a)
117|Fundamental|2993.16|0|Leitura|Não|Divorciado(a)
118|Superior|3204.27|3|Artes|Não|Viúvo(a)
119|Superior|7227.14|3|Esportes|Não|Solteiro(a)
120|Superior|9990.58|4|Viagens|Não|Solteiro(a)
121|Médio|4793.26|1|Artes|Não|Solteiro(a)
122|Superior|4198.91|4|Esportes|Não|Solteiro(a)
123|Fundamental|1716.49|4|Viagens|Sim|Solteiro(a)
124|Fundamental|9219.53|0|Esportes|Não|Viúvo(a)
125|Médio|5651.02|0|Viagens|Sim|Solteiro(a)
126|Fundamental|6723.94|3|Música|Sim|Solteiro(a)
127|Fundamental|5714.08|2|Viagens|Sim|Casado(a)
128|Fundamental|3056.45|4|Viagens|Não|Solteiro(a)
129|Superior|4792.98|1|Viagens|Sim|Solteiro(a)
130|Médio|1622.55|1|Leitura|Sim|Viúvo(a)
131|Médio|6248.05|0|Esportes|Não|Solteiro(a)
132|Superior|6650.39|3|Artes|Sim|Divorciado(a)
133|Fundamental|7919.94|2|Viagens|Sim|Casado(a)
134|Médio|9284.52|1|Leitura|Sim|Casado(a)
135|Médio|2157.32|3|Música|Não|Solteiro(a)
136|Superior|1293.73|4|Leitura|Sim|Solteiro(a)
137|Médio|2297.63|3|Viagens|Sim|Divorciado(a)
138|Superior|8112.5|3|Viagens|Sim|Solteiro(a)
139|Médio|2462.22|1|Esportes|Sim|Solteiro(a)
140|Fundamental|3165.26|3|Esportes|Não|Casado(a)
141|Superior|3838.25|3|Esportes|Sim|Divorciado(a)
142|Superior|3353.81|3|Artes|Não|Viúvo(a)
143|Superior|2920.9|4|Música|Sim|Viúvo(a)
144|Superior|1405.66|3|Música|Não|Solteiro(a)
145|Médio|2362.23|4|Viagens|Não|Viúvo(a)
146|Superior|4413.83|1|Esportes|Sim|Viúvo(a)
147|Médio|3737.45|3|Leitura|Sim|Viúvo(a)
148|Superior|7318.47|3|Leitura|Não|Solteiro(a)
149|Fundamental|3730.03|2|Música|Não|Solteiro(a)
150|Médio|1609.62|3|Música|Não|Divorciado(a)
151|Médio|5969.62|3|Viagens|Sim|Casado(a)
152|Médio|3542.43|3|Leitura|Não|Solteiro(a)
153|Superior|4444.87|0|Esportes|Sim|Casado(a)
154|Fundamental|6529.71|1|Viagens|Não|Viúvo(a)
155|Médio|5846.24|3|Leitura|Não|Solteiro(a)
156|Médio|8644.41|1|Viagens|Sim|Divorciado(a)
157|Superior|9212.05|1|Esportes|Sim|Casado(a)
158|Médio|8241.74|1|Viagens|Não|Viúvo(a)
159|Médio|4424.65|1|Música|Não|Solteiro(a)
160|Superior|1115.37|2|Artes|Sim|Divorciado(a)
161|Superior|2037.88|4|Música|Não|Casado(a)
162|Fundamental|7833.07|2|Viagens|Não|Viúvo(a)
163|Superior|5230.46|0|Viagens|Sim|Casado(a)
164|Fundamental|8707.26|4|Viagens|Sim|Divorciado(a)
165|Superior|8516.84|2|Leitura|Sim|Casado(a)
166|Fundamental|3191.09|0|Música|Sim|Casado(a)
167|Superior|8176.66|3|Música|Não|Casado(a)
168|Médio|1300.47|4|Artes|Não|Divorciado(a)
169|Fundamental|2115.9|3|Música|Não|Divorciado(a)
170|Médio|2092.1|2|Artes|Sim|Casado(a)
171|Médio|7373.16|4|Artes|Sim|Divorciado(a)
172|Superior|9117.18|1|Música|Não|Casado(a)
173|Fundamental|7114.0|1|Artes|Não|Casado(a)
174|Fundamental|7484.7|1|Artes|Sim|Casado(a)
175|Médio|1918.99|0|Música|Sim|Solteiro(a)
176|Superior|3888.23|1|Artes|Não|Divorciado(a)
177|Superior|2285.09|0|Leitura|Não|Solteiro(a)
178|Superior|3173.21|3|Viagens|Sim|Casado(a)
179|Superior|1357.61|3|Artes|Sim|Solteiro(a)
180|Fundamental|1788.07|4|Artes|Sim|Viúvo(a)
181|Superior|2692.66|3|Leitura|Sim|Solteiro(a)
182|Médio|5062.89|2|Viagens|Sim|Viúvo(a)
183|Médio|9021.99|2|Artes|Não|Divorciado(a)
184|Fundamental|6387.25|3|Viagens|Não|Divorciado(a)
185|Fundamental|9561.44|4|Esportes|Sim|Divorciado(a)
186|Fundamental|4629.71|4|Esportes|Não|Casado(a)
187|Fundamental|7635.57|4|Música|Não|Viúvo(a)
188|Superior|4427.44|2|Esportes|Sim|Casado(a)
189|Superior|8774.35|0|Artes|Não|Viúvo(a)
190|Superior|4171.33|0|Viagens|Sim|Divorciado(a)
191|Fundamental|3750.63|0|Música|Não|Viúvo(a)
192|Médio|6519.08|0|Música|Não|Divorciado(a)
193|Superior|9981.12|1|Viagens|Não|Solteiro(a)
194|Superior|9134.71|2|Viagens|Não|Casado(a)
195|Superior|2250.34|2|Esportes|Sim|Divorciado(a)
196|Médio|3097.83|1|Artes|Não|Viúvo(a)
197|Médio|7410.9|4|Esportes|Não|Casado(a)
198|Fundamental|1163.78|1|Artes|Sim|Viúvo(a)
199|Fundamental|1681.71|4|Esportes|Sim|Solteiro(a)
200|Médio|6298.49|2|Leitura|Sim|Solteiro(a)
201|Médio|8233.68|0|Leitura|Sim|Viúvo(a)
202|Fundamental|5868.45|2|Leitura|Não|Divorciado(a)
203|Médio|7037.74|1|Viagens|Não|Viúvo(a)
204|Superior|2891.19|2|Música|Não|Solteiro(a)
205|Superior|6675.05|3|Esportes|Não|Divorciado(a)
206|Superior|6019.72|3|Esportes|Não|Divorciado(a)
207|Superior|9853.45|0|Artes|Sim|Viúvo(a)
208|Superior|2526.56|3|Artes|Sim|Solteiro(a)
209|Fundamental|2450.96|0|Esportes|Não|Divorciado(a)
210|Fundamental|3207.59|0|Esportes|Não|Divorciado(a)
211|Superior|2696.4|1|Esportes|Não|Divorciado(a)
212|Médio|2524.12|1|Artes|Não|Viúvo(a)
213|Fundamental|2677.64|3|Artes|Não|Casado(a)
214|Médio|2531.86|2|Leitura|Sim|Divorciado(a)
215|Superior|6725.6|2|Música|Não|Solteiro(a)
216|Médio|4356.8|0|Viagens|Não|Casado(a)
217|Superior|1268.94|4|Leitura|Não|Divorciado(a)
218|Médio|6919.02|2|Música|Não|Viúvo(a)
219|Superior|5428.04|1|Música|Sim|Viúvo(a)
220|Médio|3385.67|2|Leitura|Não|Solteiro(a)
221|Superior|7124.05|1|Leitura|Sim|Divorciado(a)
222|Médio|6538.54|4|Artes|Sim|Divorciado(a)
223|Superior|7171.79|2|Viagens|Sim|Divorciado(a)
224|Superior|3839.27|1|Artes|Sim|Solteiro(a)
225|Fundamental|6501.25|3|Artes|Não|Casado(a)
226|Fundamental|6666.69|2|Artes|Sim|Viúvo(a)
227|Médio|8471.13|2|Artes|Não|Solteiro(a)
228|Médio|8000.79|0|Viagens|Sim|Solteiro(a)
229|Superior|8405.14|1|Viagens|Sim|Divorciado(a)
230|Médio|4586.55|0|Viagens|Sim|Viúvo(a)
231|Fundamental|3165.18|2|Viagens|Não|Viúvo(a)
232|Médio|4815.89|0|Música|Não|Viúvo(a)
233|Superior|6747.96|3|Música|Não|Viúvo(a)
234|Superior|3536.28|2|Viagens|Sim|Casado(a)
235|Médio|6396.51|4|Música|Sim|Viúvo(a)
236|Superior|6987.55|1|Esportes|Sim|Divorciado(a)
237|Médio|4856.27|0|Viagens|Não|Divorciado(a)
238|Superior|3478.68|0|Música|Sim|Divorciado(a)
239|Superior|2105.29|0|Música|Sim|Viúvo(a)
240|Superior|2337.78|4|Viagens|Sim|Divorciado(a)
241|Médio|7231.63|0|Esportes|Não|Viúvo(a)
242|Fundamental|5022.84|0|Esportes|Não|Divorciado(a)
243|Fundamental|6498.41|3|Artes|Não|Casado(a)
244|Superior|2843.84|4|Artes|Sim|Divorciado(a)
245|Superior|5557.29|4|Viagens|Sim|Casado(a)
246|Médio|3479.3|2|Esportes|Sim|Viúvo(a)
247|Fundamental|7353.84|2|Leitura|Sim|Divorciado(a)
248|Fundamental|8645.72|3|Leitura|Sim|Viúvo(a)
249|Superior|8944.01|0|Artes|Não|Casado(a)
250|Superior|5367.66|3|Esportes|Sim|Solteiro(a)
251|Fundamental|2415.18|1|Música|Não|Casado(a)
252|Superior|9955.79|1|Leitura|Sim|Casado(a)
253|Fundamental|1841.53|4|Leitura|Sim|Divorciado(a)
254|Fundamental|7171.58|4|Viagens|Não|Casado(a)
255|Fundamental|6761.62|3|Artes|Sim|Viúvo(a)
256|Médio|5110.27|2|Leitura|Não|Solteiro(a)
257|Médio|7752.95|2|Artes|Não|Divorciado(a)
258|Fundamental|7797.86|4|Esportes|Sim|Solteiro(a)
259|Fundamental|6640.22|1|Música|Sim|Solteiro(a)
260|Superior|9102.41|2|Música|Sim|Divorciado(a)
261|Fundamental|9689.72|0|Artes|Não|Viúvo(a)
262|Médio|9962.32|0|Esportes|Não|Divorciado(a)
263|Fundamental|7943.81|4|Leitura|Não|Viúvo(a)
264|Fundamental|5490.78|0|Leitura|Não|Viúvo(a)
265|Fundamental|1879.32|0|Música|Não|Viúvo(a)
266|Fundamental|4549.24|3|Música|Não|Casado(a)
267|Médio|5419.29|0|Leitura|Não|Casado(a)
268|Médio|9719.26|0|Viagens|Sim|Viúvo(a)
269|Fundamental|3745.91|2|Leitura|Sim|Viúvo(a)
270|Superior|4596.91|2|Música|Sim|Solteiro(a)
271|Superior|1273.19|1|Esportes|Sim|Solteiro(a)
272|Médio|1987.18|4|Viagens|Sim|Solteiro(a)
273|Fundamental|3676.62|1|Leitura|Sim|Divorciado(a)
274|Superior|3728.99|1|Esportes|Não|Divorciado(a)
275|Superior|6210.71|1|Viagens|Sim|Divorciado(a)
276|Médio|1106.46|4|Esportes|Sim|Viúvo(a)
277|Fundamental|5453.24|1|Leitura|Não|Viúvo(a)
278|Médio|1181.4|4|Esportes|Não|Solteiro(a)
279|Fundamental|5463.81|0|Esportes|Não|Divorciado(a)
280|Médio|4916.56|0|Viagens|Não|Viúvo(a)
281|Médio|7057.17|2|Artes|Sim|Solteiro(a)
282|Médio|5012.48|1|Leitura|Não|Viúvo(a)
283|Superior|3944.77|1|Esportes|Não|Viúvo(a)
284|Superior|2194.31|0|Esportes|Sim|Solteiro(a)
285|Superior|1559.84|0|Viagens|Não|Divorciado(a)
286|Fundamental|3468.73|0|Esportes|Não|Divorciado(a)
287|Médio|8266.57|2|Música|Não|Casado(a)
288|Fundamental|2235.68|2|Música|Sim|Casado(a)
289|Superior|1651.41|2|Esportes|Sim|Viúvo(a)
290|Médio|8018.69|4|Artes|Não|Divorciado(a)
291|Fundamental|3093.31|0|Leitura|Sim|Viúvo(a)
292|Médio|3575.8|3|Artes|Não|Viúvo(a)
293|Superior|1402.8|1|Leitura|Sim|Divorciado(a)
294|Fundamental|5368.98|4|Artes|Sim|Viúvo(a)
295|Fundamental|1054.58|2|Viagens|Não|Viúvo(a)
296|Superior|4553.82|0|Artes|Não|Divorciado(a)
297|Superior|3952.9|4|Viagens|Não|Solteiro(a)
298|Superior|5124.36|4|Viagens|Sim|Solteiro(a)
299|Fundamental|2282.76|1|Viagens|Não|Solteiro(a)
300|Médio|9588.43|0|Esportes|Sim|Solteiro(a)
301|Fundamental|1654.95|0|Música|Sim|Divorciado(a)
302|Fundamental|5509.67|3|Música|Não|Casado(a)
303|Superior|9956.25|3|Esportes|Sim|Divorciado(a)
304|Superior|9403.12|3|Esportes|Não|Casado(a)
305|Fundamental|1018.93|1|Esportes|Não|Casado(a)
306|Médio|4632.59|0|Artes|Não|Solteiro(a)
307|Fundamental|5815.22|2|Música|Sim|Divorciado(a)
308|Superior|7078.07|1|Viagens|Não|Solteiro(a)
309|Superior|5300.29|1|Leitura|Sim|Viúvo(a)
310|Fundamental|3722.18|4|Viagens|Sim|Divorciado(a)
311|Fundamental|2783.1|1|Esportes|Não|Viúvo(a)
312|Superior|2399.52|4|Artes|Sim|Divorciado(a)
313|Superior|9984.63|1|Viagens|Não|Solteiro(a)
314|Médio|4947.55|2|Leitura|Sim|Viúvo(a)
315|Médio|4048.12|1|Esportes|Sim|Solteiro(a)
316|Médio|5316.57|1|Artes|Não|Viúvo(a)
317|Médio|6165.36|3|Viagens|Sim|Divorciado(a)
318|Superior|6635.97|1|Viagens|Sim|Casado(a)
319|Superior|7239.65|2|Leitura|Não|Casado(a)
320|Fundamental|2839.1|4|Música|Não|Casado(a)
321|Fundamental|5081.62|2|Leitura|Sim|Viúvo(a)
322|Fundamental|8822.2|4|Viagens|Sim|Divorciado(a)
323|Fundamental|4309.13|1|Esportes|Sim|Casado(a)
324|Fundamental|2103.26|4|Esportes|Sim|Divorciado(a)
325|Médio|6432.11|0|Artes|Sim|Casado(a)
326|Fundamental|1445.23|4|Esportes|Não|Casado(a)
327|Médio|9624.08|4|Leitura|Não|Casado(a)
328|Médio|2243.67|3|Artes|Sim|Divorciado(a)
329|Fundamental|6676.69|1|Esportes|Não|Solteiro(a)
330|Médio|1777.76|2|Artes|Não|Solteiro(a)
331|Médio|4362.24|2|Esportes|Não|Solteiro(a)
332|Médio|5245.18|1|Esportes|Sim|Solteiro(a)
333|Fundamental|6742.53|4|Esportes|Não|Solteiro(a)
334|Médio|4242.83|0|Música|Sim|Solteiro(a)
335|Superior|3489.66|3|Artes|Não|Solteiro(a)
336|Fundamental|9115.52|1|Música|Sim|Casado(a)
337|Médio|8174.2|1|Viagens|Sim|Solteiro(a)
338|Superior|6225.01|1|Viagens|Sim|Solteiro(a)
339|Médio|3831.8|3|Viagens|Não|Casado(a)
340|Médio|7150.45|3|Música|Sim|Casado(a)
341|Fundamental|6194.61|0|Viagens|Não|Viúvo(a)
342|Fundamental|2994.2|1|Música|Sim|Casado(a)
343|Superior|3862.05|3|Esportes|Sim|Divorciado(a)
344|Fundamental|7495.19|3|Artes|Sim|Viúvo(a)
345|Médio|5138.61|3|Viagens|Não|Viúvo(a)
346|Fundamental|2143.65|2|Viagens|Não|Casado(a)
347|Superior|2485.44|2|Música|Sim|Casado(a)
348|Superior|2931.43|0|Esportes|Não|Viúvo(a)
349|Médio|4945.42|0|Leitura|Não|Divorciado(a)
350|Superior|7825.61|1|Leitura|Sim|Viúvo(a)
351|Médio|4460.34|1|Viagens|Sim|Casado(a)
352|Superior|7930.82|3|Leitura|Não|Viúvo(a)
353|Superior|7979.43|2|Esportes|Não|Viúvo(a)
354|Fundamental|4693.67|2|Artes|Sim|Divorciado(a)
355|Médio|5632.93|2|Esportes|Sim|Divorciado(a)
356|Fundamental|7707.84|2|Esportes|Sim|Divorciado(a)
357|Médio|8728.66|0|Esportes|Sim|Solteiro(a)
358|Médio|3980.6|3|Esportes|Sim|Divorciado(a)
359|Fundamental|8750.7|2|Leitura|Sim|Casado(a)
360|Fundamental|3235.96|2|Esportes|Sim|Casado(a)
361|Superior|9712.37|4|Esportes|Não|Divorciado(a)
362|Fundamental|9329.02|1|Música|Sim|Divorciado(a)
363|Fundamental|1246.43|1|Esportes|Não|Divorciado(a)
364|Fundamental|4438.69|0|Música|Não|Casado(a)
365|Superior|6524.49|0|Viagens|Não|Viúvo(a)
366|Fundamental|8607.98|4|Viagens|Não|Casado(a)
367|Superior|4517.7|0|Viagens|Sim|Viúvo(a)
368|Médio|6708.43|3|Viagens|Não|Solteiro(a)
369|Superior|3581.06|1|Viagens|Não|Viúvo(a)
370|Fundamental|8093.34|3|Artes|Não|Viúvo(a)
371|Médio|6871.81|3|Viagens|Não|Casado(a)
372|Médio|9664.29|1|Esportes|Sim|Solteiro(a)
373|Superior|3923.81|1|Leitura|Sim|Divorciado(a)
374|Fundamental|2041.71|3|Leitura|Não|Solteiro(a)
375|Fundamental|6825.8|4|Viagens|Não|Solteiro(a)
376|Fundamental|7115.8|0|Viagens|Sim|Casado(a)
377|Superior|7297.32|4|Leitura|Não|Divorciado(a)
378|Médio|2157.04|4|Esportes|Sim|Viúvo(a)
379|Fundamental|2023.64|2|Viagens|Não|Casado(a)
380|Superior|2031.94|2|Música|Não|Viúvo(a)
381|Fundamental|3258.61|0|Viagens|Sim|Viúvo(a)
382|Superior|6680.95|1|Artes|Não|Casado(a)
383|Superior|5278.99|2|Leitura|Sim|Divorciado(a)
384|Médio|8271.5|4|Música|Não|Solteiro(a)
385|Médio|1841.01|4|Leitura|Sim|Casado(a)
386|Médio|9986.14|1|Música|Sim|Casado(a)
387|Fundamental|7487.38|3|Viagens|Não|Casado(a)
388|Médio|5751.22|4|Esportes|Não|Viúvo(a)
389|Fundamental|6949.87|3|Esportes|Não|Casado(a)
390|Superior|6403.67|4|Música|Não|Viúvo(a)
391|Médio|1738.98|2|Música|Sim|Solteiro(a)
392|Superior|5436.52|2|Música|Não|Solteiro(a)
393|Fundamental|1571.15|3|Leitura|Não|Casado(a)
394|Médio|3783.62|3|Viagens|Não|Divorciado(a)
395|Superior|5350.6|4|Esportes|Não|Divorciado(a)
396|Superior|6849.23|4|Artes|Não|Casado(a)
397|Médio|9688.02|2|Leitura|Sim|Solteiro(a)
398|Médio|4915.77|4|Artes|Não|Casado(a)
399|Fundamental|4593.64|0|Viagens|Sim|Viúvo(a)
400|Médio|8559.3|0|Música|Não|Divorciado(a)
401|Superior|1869.69|0|Esportes|Sim|Solteiro(a)
402|Médio|5007.92|1|Artes|Sim|Solteiro(a)
403|Fundamental|7010.51|3|Esportes|Sim|Viúvo(a)
404|Médio|1741.8|3|Leitura|Não|Divorciado(a)
405|Fundamental|2339.92|2|Esportes|Sim|Casado(a)
406|Médio|5987.1|2|Leitura|Não|Divorciado(a)
407|Superior||3|Artes|Não|Casado(a)
408|Superior|6908.41|1|Leitura|Sim|Divorciado(a)
409|Médio|5394.26|1|Viagens|Sim|Solteiro(a)
410|Superior|1107.69|3|Esportes|Não|Casado(a)
411|Fundamental|8020.75|0|Viagens|Não|Casado(a)
412|Fundamental|8993.68|1|Artes|Sim|Solteiro(a)
413|Superior|8143.56|4|Viagens|Não|Viúvo(a)
414|Médio|3666.03|3|Artes|Não|Viúvo(a)
415|Superior|5984.36|3|Música|Sim|Viúvo(a)
416|Fundamental|8431.58|1|Leitura|Não|Viúvo(a)
417|Superior|7854.56|3|Artes|Não|Viúvo(a)
418|Médio|1455.82|1|Esportes|Não|Divorciado(a)
419|Fundamental|4522.47|2|Leitura|Não|Viúvo(a)
420|Superior|8703.29|0|Viagens|Sim|Casado(a)
421|Fundamental|6433.03|3|Música|Sim|Divorciado(a)
422|Médio|8959.4|1|Música|Sim|Divorciado(a)
423|Médio|5295.52|1|Artes|Sim|Casado(a)
424|Médio|8510.48|2|Música|Sim|Divorciado(a)
425|Fundamental|3237.31|1|Artes|Sim|Casado(a)
426|Superior|6712.56|4|Leitura|Sim|Solteiro(a)
427|Superior|5394.37|1|Leitura|Não|Casado(a)
428|Médio|2449.76|2|Música|Não|Divorciado(a)
429|Fundamental|2064.34|2|Música|Não|Viúvo(a)
430|Superior|8117.9|4|Artes|Não|Viúvo(a)
431|Superior|4892.68|3|Viagens|Não|Solteiro(a)
432|Fundamental|9588.75|2|Artes|Não|Viúvo(a)
433|Médio|5884.31|2|Artes|Não|Casado(a)
434|Médio|9478.1|0|Esportes|Não|Solteiro(a)
435|Superior|9710.09|1|Leitura|Não|Solteiro(a)
436|Médio|9409.91|1|Música|Não|Casado(a)
437|Fundamental|7923.34|4|Artes|Não|Solteiro(a)
438|Fundamental|3231.46|3|Esportes|Não|Viúvo(a)
439|Médio|2998.44|1|Viagens|Não|Solteiro(a)
440|Médio|5673.85|4|Viagens|Não|Viúvo(a)
441|Superior|1037.28|0|Viagens|Não|Solteiro(a)
442|Superior|3163.59|0|Leitura|Sim|Divorciado(a)
443|Médio|4577.2|3|Viagens|Sim|Casado(a)
444|Fundamental|9130.48|0|Música|Sim|Divorciado(a)
445|Fundamental|1465.78|4|Leitura|Sim|Solteiro(a)
446|Superior|2003.67|4|Viagens|Não|Viúvo(a)
447|Médio|8712.7|4|Artes|Não|Solteiro(a)
448|Superior|9139.42|1|Leitura|Não|Divorciado(a)
449|Fundamental|1536.41|0|Leitura|Não|Solteiro(a)
450|Médio|2100.87|3|Esportes|Não|Viúvo(a)
451|Médio|4496.33|4|Leitura|Sim|Viúvo(a)
452|Médio|3989.9|3|Artes|Sim|Solteiro(a)
453|Superior|3500.42|1|Leitura|Não|Solteiro(a)
454|Médio|6710.69|2|Viagens|Não|Viúvo(a)
455|Fundamental|3475.38|3|Leitura|Sim|Divorciado(a)
456|Médio|3940.22|4|Leitura|Sim|Divorciado(a)
457|Fundamental|5888.47|1|Música|Não|Divorciado(a)
458|Fundamental|3950.65|3|Música|Sim|Casado(a)
459|Fundamental|1661.22|4|Leitura|Não|Divorciado(a)
460|Superior|5394.08|3|Viagens|Sim|Solteiro(a)
461|Fundamental|6802.85|1|Leitura|Sim|Solteiro(a)
462|Superior|3030.68|1|Viagens|Sim|Casado(a)
463|Médio|5750.6|3|Música|Sim|Viúvo(a)
464|Fundamental|3303.84|1|Leitura|Sim|Divorciado(a)
465|Superior|3802.97|0|Viagens|Não|Viúvo(a)
466|Médio|1619.0|1|Leitura|Não|Divorciado(a)
467|Fundamental|5594.32|0|Música|Não|Solteiro(a)
468|Fundamental|2181.53|3|Artes|Não|Casado(a)
469|Superior|7507.81|4|Leitura|Sim|Casado(a)
470|Superior|7617.04|1|Leitura|Sim|Casado(a)
471|Médio|7340.86|1|Viagens|Não|Casado(a)
472|Superior|5939.28|0|Leitura|Sim|Viúvo(a)
473|Superior|4122.05|2|Música|Sim|Viúvo(a)
474|Fundamental|4106.6|3|Viagens|Não|Divorciado(a)
475|Médio|7854.86|3|Leitura|Sim|Solteiro(a)
476|Médio|7665.43|4|Leitura|Sim|Casado(a)
477|Fundamental|7222.15|4|Esportes|Sim|Viúvo(a)
478|Fundamental|8867.41|0|Viagens|Sim|Casado(a)
479|Médio|2418.09|3|Artes|Sim|Solteiro(a)
480|Fundamental|7575.5|3|Esportes|Sim|Solteiro(a)
481|Fundamental|1466.75|3|Leitura|Sim|Viúvo(a)
482|Médio|4969.6|2|Viagens|Não|Divorciado(a)
483|Médio|2491.54|3|Artes|Não|Solteiro(a)
484|Superior|7467.5|2|Viagens|Não|Casado(a)
485|Médio|7528.27|2|Artes|Não|Casado(a)
486|Fundamental||1|Esportes|Não|Solteiro(a)
487|Fundamental|1357.55|0|Esportes|Sim|Casado(a)
488|Superior|7398.41|2|Viagens|Sim|Casado(a)
489|Fundamental|2052.73|4|Artes|Sim|Viúvo(a)
490|Médio|1617.91|4|Viagens|Sim|Divorciado(a)
491|Médio|1755.43|3|Esportes|Não|Viúvo(a)
492|Médio|7614.05|3|Música|Não|Solteiro(a)
493|Superior|9214.94|4|Leitura|Não|Viúvo(a)
494|Médio|3351.75|0|Esportes|Sim|Casado(a)
495|Superior|7996.58|1|Leitura|Sim|Divorciado(a)
496|Superior|3476.84|0|Artes|Sim|Viúvo(a)
497|Superior|3533.82|1|Viagens|Não|Casado(a)
498|Superior|9487.84|0|Música|Não|Solteiro(a)
499|Médio|2950.83|2|Leitura|Não|Casado(a)
500|Superior|8380.54|2|Esportes|Não|Divorciado(a)
501|Médio|5645.15|2|Viagens|Não|Viúvo(a)
502|Fundamental|7164.34|3|Viagens|Não|Casado(a)
503|Fundamental|9661.03|2|Artes|Não|Viúvo(a)
504|Superior|6307.8|2|Artes|Sim|Divorciado(a)
505|Superior|7897.39|4|Esportes|Sim|Casado(a)
506|Superior|1241.39|4|Leitura|Não|Casado(a)
507|Médio|8271.69|1|Música|Sim|Divorciado(a)
508|Fundamental|1055.66|4|Leitura|Sim|Viúvo(a)
509|Superior|7760.42|0|Esportes|Não|Solteiro(a)
510|Superior|2992.09|0|Viagens|Não|Viúvo(a)
511|Fundamental|8064.72|4|Música|Sim|Viúvo(a)
512|Superior|3484.07|2|Artes|Sim|Solteiro(a)
513|Superior|5111.42|4|Esportes|Sim|Casado(a)
514|Fundamental|4152.03|3|Artes|Não|Divorciado(a)
515|Fundamental|4332.76|3|Artes|Não|Casado(a)
516|Médio|1748.13|1|Viagens|Não|Viúvo(a)
517|Superior|5408.13|3|Música|Não|Casado(a)
518|Médio|1363.01|2|Música|Não|Casado(a)
519|Fundamental|3961.7|0|Artes|Não|Solteiro(a)
520|Superior|6871.22|1|Viagens|Não|Solteiro(a)
521|Médio|3958.14|0|Leitura|Sim|Divorciado(a)
522|Fundamental|3990.47|2|Esportes|Não|Solteiro(a)
523|Superior|8854.9|0|Leitura|Sim|Casado(a)
524|Superior|9149.05|3|Leitura|Sim|Casado(a)
525|Fundamental|6511.99|3|Música|Não|Casado(a)
526|Médio|5201.75|3|Leitura|Não|Casado(a)
527|Superior|5861.5|2|Esportes|Não|Casado(a)
528|Superior|2495.16|1|Música|Sim|Viúvo(a)
529|Fundamental|3698.98|4|Esportes|Não|Casado(a)
530|Médio|9937.0|4|Leitura|Não|Divorciado(a)
531|Fundamental|6288.82|0|Esportes|Sim|Divorciado(a)
532|Fundamental|3875.31|4|Esportes|Sim|Viúvo(a)
533|Superior|9793.02|0|Artes|Não|Solteiro(a)
534|Fundamental|4420.35|2|Viagens|Sim|Solteiro(a)
535|Fundamental|8517.01|0|Artes|Sim|Casado(a)
536|Fundamental|9899.42|4|Esportes|Sim|Divorciado(a)
537|Médio|4031.28|1|Leitura|Sim|Casado(a)
538|Superior|2754.86|0|Artes|Sim|Divorciado(a)
539|Médio|8882.11|0|Música|Sim|Divorciado(a)
540|Médio|4569.23|2|Leitura|Sim|Solteiro(a)
541|Médio|2164.37|4|Música|Não|Divorciado(a)
542|Fundamental|5615.02|2|Viagens|Sim|Solteiro(a)
543|Médio|6332.94|1|Artes|Não|Divorciado(a)
544|Fundamental|9950.75|2|Música|Sim|Casado(a)
545|Médio|7435.51|3|Música|Sim|Divorciado(a)
546|Fundamental|5426.53|3|Artes|Sim|Divorciado(a)
547|Médio|6492.93|4|Esportes|Sim|Divorciado(a)
548|Médio|7609.73|4|Viagens|Sim|Solteiro(a)
549|Superior|8211.45|2|Viagens|Não|Solteiro(a)
550|Médio|8887.01|3|Esportes|Sim|Divorciado(a)
551|Fundamental|1619.22|3|Artes|Não|Viúvo(a)
552|Superior|2133.86|1|Esportes|Sim|Casado(a)
553|Médio|6732.5|4|Música|Sim|Divorciado(a)
554|Superior|7378.06|2|Leitura|Sim|Solteiro(a)
555|Médio|5188.94|2|Esportes|Não|Casado(a)
556|Fundamental|6189.79|2|Esportes|Sim|Divorciado(a)
557|Médio|4919.58|0|Viagens|Sim|Divorciado(a)
558|Médio|2432.6|2|Artes|Sim|Casado(a)
559|Médio|7498.18|0|Música|Não|Casado(a)
560|Médio|2459.04|1|Leitura|Não|Solteiro(a)
561|Médio|3847.84|4|Esportes|Sim|Divorciado(a)
562|Médio|9265.84|3|Leitura|Sim|Viúvo(a)
563|Superior|8950.96|1|Leitura|Sim|Viúvo(a)
564|Superior|7336.98|2|Música|Não|Divorciado(a)
565|Superior|1672.47|1|Viagens|Não|Viúvo(a)
566|Médio|8617.83|3|Esportes|Não|Casado(a)
567|Médio|4562.53|2|Esportes|Não|Casado(a)
568|Fundamental|8713.32|3|Música|Não|Viúvo(a)
569|Superior|9180.8|2|Viagens|Sim|Solteiro(a)
570|Superior|3456.6|4|Leitura|Sim|Casado(a)
571|Superior|4606.26|3|Artes|Sim|Solteiro(a)
572|Médio|4465.49|2|Artes|Não|Casado(a)
573|Médio||0|Artes|Não|Divorciado(a)
574|Superior|1159.68|4|Artes|Não|Solteiro(a)
575|Médio|9161.39|4|Leitura|Não|Solteiro(a)
576|Fundamental|7991.33|2|Viagens|Sim|Casado(a)
577|Médio|7826.41|1|Esportes|Sim|Casado(a)
578|Fundamental|7594.66|3|Leitura|Sim|Solteiro(a)
579|Médio|9417.11|2|Música|Sim|Casado(a)
580|Fundamental|8779.52|0|Viagens|Não|Viúvo(a)
581|Superior|4472.06|1|Música|Não|Viúvo(a)
582|Médio|2488.81|3|Esportes|Não|Divorciado(a)
583|Fundamental|9898.69|3|Esportes|Não|Solteiro(a)
584|Superior|5038.44|1|Artes|Não|Viúvo(a)
585|Superior|4084.11|0|Artes|Sim|Divorciado(a)
586|Superior|7745.71|1|Artes|Não|Casado(a)
587|Fundamental|7018.22|1|Esportes|Sim|Viúvo(a)
588|Superior|5927.66|2|Música|Não|Viúvo(a)
589|Médio|6964.29|2|Leitura|Sim|Solteiro(a)
590|Superior|6021.68|4|Leitura|Sim|Casado(a)
591|Fundamental|9292.58|4|Viagens|Sim|Viúvo(a)
592|Fundamental|6249.74|0|Artes|Sim|Viúvo(a)
593|Superior|4088.75|3|Viagens|Sim|Solteiro(a)
594|Superior|5625.75|0|Leitura|Sim|Casado(a)
595|Médio|5342.72|4|Viagens|Sim|Solteiro(a)
596|Médio|5451.51|4|Viagens|Não|Divorciado(a)
597|Superior|2754.4|2|Artes|Não|Solteiro(a)
598|Médio|8303.26|0|Leitura|Não|Solteiro(a)
599|Médio|3162.39|1|Esportes|Sim|Divorciado(a)
600|Médio|5132.85|2|Artes|Não|Divorciado(a)
601|Superior|5065.53|2|Viagens|Sim|Divorciado(a)
602|Superior|4288.93|1|Esportes|Sim|Divorciado(a)
603|Superior|3991.0|1|Música|Sim|Viúvo(a)
604|Superior|8988.42|1|Esportes|Sim|Viúvo(a)
605|Superior|2221.93|0|Leitura|Não|Solteiro(a)
606|Fundamental|6975.04|3|Esportes|Não|Divorciado(a)
607|Superior|4230.44|1|Leitura|Não|Viúvo(a)
608|Superior|4242.25|0|Música|Sim|Solteiro(a)
609|Superior|8931.44|3|Artes|Não|Solteiro(a)
610|Médio|8396.91|2|Esportes|Sim|Solteiro(a)
611|Superior|3107.33|0|Esportes|Sim|Divorciado(a)
612|Fundamental|1048.57|1|Esportes|Não|Viúvo(a)
613|Médio|7395.02|4|Música|Não|Solteiro(a)
614|Médio|8217.12|4|Esportes|Não|Divorciado(a)
615|Médio|3903.89|3|Artes|Não|Divorciado(a)
616|Superior|6879.29|4|Música|Não|Divorciado(a)
617|Superior|3377.32|4|Esportes|Sim|Viúvo(a)
618|Superior|5916.39|2|Viagens|Sim|Divorciado(a)
619|Fundamental|3004.22|2|Esportes|Não|Divorciado(a)
620|Fundamental|4711.05|3|Viagens|Sim|Viúvo(a)
621|Médio|1558.6|2|Música|Sim|Solteiro(a)
622|Médio|1518.81|2|Artes|Sim|Viúvo(a)
623|Superior|7230.1|0|Música|Não|Solteiro(a)
624|Fundamental|4209.13|1|Viagens|Não|Viúvo(a)
625|Médio|8604.04|0|Viagens|Sim|Viúvo(a)
626|Fundamental|3822.13|3|Artes|Sim|Casado(a)
627|Superior|7355.8|1|Leitura|Não|Divorciado(a)
628|Fundamental|3081.13|3|Viagens|Não|Solteiro(a)
629|Fundamental|2934.49|4|Música|Não|Divorciado(a)
630|Fundamental|5616.74|1|Música|Sim|Divorciado(a)
631|Superior|9540.65|0|Música|Sim|Viúvo(a)
632|Médio|1565.14|1|Viagens|Sim|Divorciado(a)
633|Fundamental|6962.44|3|Leitura|Sim|Solteiro(a)
634|Superior|7217.34|4|Viagens|Sim|Casado(a)
635|Fundamental|6001.43|1|Viagens|Sim|Solteiro(a)
636|Superior|8530.6|2|Música|Não|Divorciado(a)
637|Superior|7315.82|2|Esportes|Não|Solteiro(a)
638|Médio|8041.01|3|Esportes|Não|Solteiro(a)
639|Superior|5787.7|4|Artes|Sim|Viúvo(a)
640|Fundamental|3402.26|3|Esportes|Sim|Solteiro(a)
641|Médio|9104.3|1|Artes|Não|Casado(a)
642|Fundamental|2365.68|1|Música|Não|Divorciado(a)
643|Médio|5381.81|2|Viagens|Não|Solteiro(a)
644|Superior|3735.71|4|Esportes|Sim|Viúvo(a)
645|Fundamental|2485.71|3|Viagens|Não|Casado(a)
646|Fundamental|4340.21|3|Música|Sim|Divorciado(a)
647|Fundamental|1855.65|3|Leitura|Não|Viúvo(a)
648|Superior|8060.09|0|Esportes|Sim|Divorciado(a)
649|Fundamental|7765.43|0|Viagens|Não|Viúvo(a)
650|Médio|4093.75|1|Esportes|Sim|Viúvo(a)
651|Superior|3082.34|3|Leitura|Sim|Solteiro(a)
652|Fundamental|5204.14|4|Artes|Não|Divorciado(a)
653|Fundamental|1420.34|1|Viagens|Sim|Solteiro(a)
654|Médio|7182.91|1|Esportes|Não|Viúvo(a)
655|Superior|9506.92|1|Leitura|Não|Solteiro(a)
656|Superior|8642.81|4|Esportes|Sim|Casado(a)
657|Superior|8139.55|3|Esportes|Não|Solteiro(a)
658|Fundamental|2078.63|2|Viagens|Não|Divorciado(a)
659|Fundamental|2578.83|1|Música|Sim|Divorciado(a)
660|Superior|5516.01|0|Artes|Não|Casado(a)
661|Médio|2855.92|3|Música|Não|Casado(a)
662|Superior|3691.1|1|Música|Sim|Solteiro(a)
663|Fundamental|6759.83|3|Artes|Sim|Divorciado(a)
664|Médio|8319.23|4|Viagens|Não|Casado(a)
665|Fundamental||4|Leitura|Não|Casado(a)
666|Médio|6914.76|1|Música|Sim|Viúvo(a)
667|Superior|8026.82|4|Artes|Não|Solteiro(a)
668|Médio|3632.98|2|Leitura|Não|Solteiro(a)
669|Superior|8976.51|4|Viagens|Não|Viúvo(a)
670|Fundamental|6564.85|4|Música|Não|Casado(a)
671|Médio|4152.93|2|Esportes|Não|Solteiro(a)
672|Fundamental|8683.67|3|Viagens|Sim|Viúvo(a)
673|Fundamental|3049.73|0|Esportes|Não|Solteiro(a)
674|Médio|2002.77|1|Artes|Não|Solteiro(a)
675|Superior|2432.54|3|Viagens|Não|Solteiro(a)
676|Superior|4897.82|4|Artes|Sim|Viúvo(a)
677|Médio|7867.07|1|Artes|Não|Solteiro(a)
678|Superior|6553.86|1|Artes|Sim|Solteiro(a)
679|Superior|4328.64|2|Leitura|Sim|Solteiro(a)
680|Fundamental|2961.74|4|Música|Não|Casado(a)
681|Médio|7620.81|4|Artes|Não|Divorciado(a)
682|Médio|9628.61|2|Leitura|Não|Casado(a)
683|Médio|7049.74|3|Música|Sim|Divorciado(a)
684|Médio|4224.28|4|Viagens|Sim|Divorciado(a)
685|Superior|3058.98|0|Esportes|Sim|Casado(a)
686|Superior|1454.4|1|Música|Sim|Viúvo(a)
687|Fundamental|8863.86|1|Viagens|Não|Divorciado(a)
688|Médio|3612.51|0|Leitura|Não|Solteiro(a)
689|Fundamental|7881.78|2|Leitura|Não|Divorciado(a)
690|Médio|4193.86|0|Leitura|Não|Divorciado(a)
691|Superior|5732.79|4|Música|Não|Solteiro(a)
692|Médio|6964.94|0|Esportes|Não|Divorciado(a)
693|Fundamental|6493.32|2|Viagens|Não|Viúvo(a)
694|Superior|7508.43|4|Viagens|Sim|Solteiro(a)
695|Superior|6692.51|4|Leitura|Não|Casado(a)
696|Médio|3091.39|4|Viagens|Não|Divorciado(a)
697|Fundamental|2515.33|1|Viagens|Não|Casado(a)
698|Médio|2583.18|2|Leitura|Não|Divorciado(a)
699|Médio|1745.72|1|Esportes|Sim|Viúvo(a)
700|Médio|4028.08|4|Viagens|Não|Solteiro(a)
701|Superior|3609.11|4|Esportes|Sim|Divorciado(a)
702|Fundamental|9243.2|1|Leitura|Não|Viúvo(a)
703|Médio|4267.18|4|Música|Não|Viúvo(a)
704|Fundamental|6460.69|3|Esportes|Não|Casado(a)
705|Fundamental|4895.45|4|Leitura|Não|Casado(a)
706|Médio|4335.2|0|Viagens|Não|Casado(a)
707|Superior|4665.33|4|Esportes|Não|Casado(a)
708|Superior|9560.19|3|Leitura|Sim|Solteiro(a)
709|Fundamental|4661.64|2|Leitura|Sim|Divorciado(a)
710|Médio|6894.85|3|Música|Não|Casado(a)
711|Fundamental|1383.84|4|Artes|Sim|Viúvo(a)
712|Fundamental|7526.12|2|Leitura|Sim|Solteiro(a)
713|Fundamental|6560.44|3|Música|Não|Solteiro(a)
714|Fundamental|2382.07|4|Viagens|Não|Viúvo(a)
715|Superior|5225.0|4|Música|Sim|Divorciado(a)
716|Superior|6160.29|4|Leitura|Não|Viúvo(a)
717|Fundamental|2480.79|1|Esportes|Não|Divorciado(a)
718|Superior|9931.47|3|Esportes|Não|Casado(a)
719|Fundamental|6144.61|4|Leitura|Sim|Divorciado(a)
720|Fundamental|8436.16|3|Leitura|Sim|Viúvo(a)
721|Fundamental|6921.53|3|Música|Sim|Casado(a)
722|Superior|4859.88|4|Música|Não|Viúvo(a)
723|Médio|4212.32|0|Artes|Sim|Casado(a)
724|Fundamental|6237.16|0|Viagens|Sim|Solteiro(a)
725|Superior|3123.51|4|Esportes|Sim|Casado(a)
726|Médio|1095.34|1|Leitura|Sim|Casado(a)
727|Superior|4278.42|3|Leitura|Sim|Solteiro(a)
728|Fundamental|5038.44|0|Esportes|Não|Solteiro(a)
729|Médio|9517.5|0|Artes|Sim|Viúvo(a)
730|Superior|5059.13|2|Artes|Não|Solteiro(a)
731|Médio|4184.18|1|Leitura|Sim|Divorciado(a)
732|Fundamental|1946.59|4|Música|Sim|Viúvo(a)
733|Superior|7366.6|2|Música|Sim|Casado(a)
734|Superior|7387.4|4|Artes|Sim|Casado(a)
735|Superior|1737.04|1|Música|Sim|Divorciado(a)
736|Médio|4769.21|0|Viagens|Sim|Viúvo(a)
737|Fundamental|6839.11|2|Artes|Sim|Divorciado(a)
738|Superior|8963.77|2|Artes|Sim|Casado(a)
739|Médio|3679.56|2|Viagens|Sim|Casado(a)
740|Fundamental|4463.14|3|Música|Sim|Solteiro(a)
741|Superior|9341.13|4|Artes|Sim|Divorciado(a)
742|Médio|4604.72|0|Esportes|Sim|Casado(a)
743|Médio|2831.9|3|Esportes|Não|Divorciado(a)
744|Médio|6153.08|1|Artes|Não|Divorciado(a)
745|Superior|7134.16|1|Música|Não|Viúvo(a)
746|Médio|4637.4|2|Leitura|Não|Viúvo(a)
747|Fundamental|9788.71|2|Artes|Não|Divorciado(a)
748|Superior|1176.16|2|Leitura|Sim|Casado(a)
749|Fundamental|8354.81|0|Esportes|Não|Viúvo(a)
750|Fundamental|1062.1|0|Artes|Sim|Casado(a)
751|Médio|6830.81|4|Música|Sim|Divorciado(a)
752|Médio|3675.71|1|Artes|Não|Viúvo(a)
753|Fundamental|5621.26|2|Artes|Não|Solteiro(a)
754|Fundamental|1621.66|2|Música|Não|Divorciado(a)
755|Fundamental|8679.94|3|Música|Não|Casado(a)
756|Médio|6564.58|4|Viagens|Sim|Solteiro(a)
757|Fundamental|4868.18|1|Artes|Não|Viúvo(a)
758|Fundamental|8438.17|3|Esportes|Não|Solteiro(a)
759|Superior|5398.15|0|Viagens|Sim|Solteiro(a)
760|Superior|3429.98|2|Esportes|Sim|Divorciado(a)
761|Fundamental|4944.31|3|Música|Não|Casado(a)
762|Médio|2213.04|4|Música|Não|Divorciado(a)
763|Fundamental|5601.2|4|Música|Sim|Casado(a)
764|Fundamental|8815.94|0|Artes|Não|Viúvo(a)
765|Superior|4453.23|1|Esportes|Não|Divorciado(a)
766|Médio|4757.96|0|Música|Não|Solteiro(a)
767|Médio|6382.08|2|Leitura|Sim|Solteiro(a)
768|Superior||0|Artes|Não|Viúvo(a)
769|Fundamental|8439.65|1|Esportes|Não|Viúvo(a)
770|Médio|7061.19|2|Esportes|Sim|Viúvo(a)
771|Médio|2356.15|4|Leitura|Não|Viúvo(a)
772|Fundamental|7780.31|1|Artes|Sim|Casado(a)
773|Médio|9065.81|0|Música|Não|Solteiro(a)
774|Fundamental|1939.65|2|Música|Não|Divorciado(a)
775|Fundamental|7047.96|0|Música|Sim|Viúvo(a)
776|Médio|9681.21|1|Viagens|Não|Casado(a)
777|Superior|4879.53|1|Viagens|Não|Solteiro(a)
778|Fundamental|6367.8|2|Artes|Sim|Casado(a)
779|Fundamental|1702.66|1|Viagens|Não|Solteiro(a)
780|Médio|2576.72|1|Viagens|Não|Casado(a)
781|Superior|3396.22|1|Viagens|Sim|Viúvo(a)
782|Fundamental|2709.48|1|Artes|Não|Viúvo(a)
783|Superior|1133.48|1|Artes|Não|Solteiro(a)
784|Médio|4906.94|1|Esportes|Sim|Solteiro(a)
785|Fundamental|4710.55|3|Leitura|Sim|Casado(a)
786|Médio|5672.63|1|Música|Sim|Divorciado(a)
787|Médio|9775.26|2|Esportes|Não|Divorciado(a)
788|Médio|1956.93|2|Viagens|Não|Solteiro(a)
789|Superior|8091.96|2|Música|Sim|Casado(a)
790|Superior|6795.69|3|Viagens|Não|Viúvo(a)
791|Superior|6364.66|3|Música|Sim|Divorciado(a)
792|Médio|6923.24|4|Viagens|Não|Casado(a)
793|Médio|1535.71|0|Música|Não|Divorciado(a)
794|Fundamental|5262.92|4|Esportes|Sim|Divorciado(a)
795|Médio|5232.49|1|Esportes|Sim|Casado(a)
796|Médio|9792.56|0|Esportes|Não|Divorciado(a)
797|Fundamental|8585.98|0|Leitura|Sim|Casado(a)
798|Médio|2958.23|1|Esportes|Sim|Solteiro(a)
799|Médio|3968.39|0|Viagens|Sim|Solteiro(a)
800|Superior|2826.28|1|Música|Sim|Viúvo(a)
801|Fundamental|1929.66|0|Leitura|Não|Viúvo(a)
802|Superior|8286.82|3|Artes|Sim|Casado(a)
803|Fundamental|5715.96|0|Esportes|Sim|Solteiro(a)
804|Fundamental|3418.94|4|Música|Não|Divorciado(a)
805|Fundamental|6274.23|4|Música|Não|Viúvo(a)
806|Médio|3412.99|1|Viagens|Sim|Solteiro(a)
807|Superior|5106.38|4|Esportes|Não|Viúvo(a)
808|Fundamental|1107.47|1|Música|Sim|Divorciado(a)
809|Superior|7238.76|4|Leitura|Sim|Viúvo(a)
810|Superior|8783.74|1|Esportes|Não|Solteiro(a)
811|Fundamental|3469.4|2|Artes|Não|Divorciado(a)
812|Médio|2226.6|2|Artes|Sim|Viúvo(a)
813|Médio|4255.05|0|Viagens|Sim|Divorciado(a)
814|Superior|5482.79|2|Viagens|Não|Viúvo(a)
815|Médio|7575.33|4|Esportes|Não|Viúvo(a)
816|Superior|7772.97|1|Leitura|Não|Solteiro(a)
817||1540.43|4|Viagens|Não|Casado(a)
818|Médio|3196.4|4|Viagens|Sim|Solteiro(a)
819|Superior|1142.15|2|Música|Não|Divorciado(a)
820|Superior|9220.0|1|Esportes|Não|Solteiro(a)
821|Médio|8433.86|0|Esportes|Não|Solteiro(a)
822|Médio|9231.59|1|Viagens|Não|Viúvo(a)
823|Superior|4875.16|3|Esportes|Sim|Solteiro(a)
824||6628.6|4|Leitura|Não|Viúvo(a)
825|Fundamental|7303.57|2|Artes|Sim|Solteiro(a)
826|Médio|9618.79|0|Música|Sim|Viúvo(a)
827|Fundamental|6066.26|0|Esportes|Não|Solteiro(a)
828||1278.32|2|Leitura|Sim|Solteiro(a)
829|Médio|9669.14|3|Artes|Não|Casado(a)
830|Fundamental|3617.85|3|Artes|Não|Casado(a)
831|Superior|5661.33|1|Artes|Não|Casado(a)
832|Médio|3140.48|4|Artes|Sim|Divorciado(a)
833|Superior|5327.37|0|Esportes|Não|Divorciado(a)
834|Fundamental|4726.3|1|Artes|Não|Divorciado(a)
835|Médio|6875.22|2|Leitura|Não|Viúvo(a)
836|Superior|6913.53|3|Música|Sim|Solteiro(a)
837|Superior|5672.82|4|Artes|Não|Casado(a)
838|Médio|9566.26|1|Artes|Não|Divorciado(a)
839|Superior|6438.74|2|Leitura|Sim|Divorciado(a)
840|Superior|4741.15|4|Viagens|Não|Viúvo(a)
841|Superior|4705.7|2|Leitura|Sim|Viúvo(a)
842|Médio|6367.16|4|Esportes|Sim|Solteiro(a)
843|Fundamental|7061.08|3|Artes|Sim|Casado(a)
844|Fundamental|6183.7|2|Música|Não|Solteiro(a)
845|Médio|1213.19|0|Música|Não|Viúvo(a)
846|Médio|6823.84|2|Artes|Sim|Viúvo(a)
847|Fundamental|5233.74|1|Esportes|Sim|Casado(a)
848|Fundamental|2168.17|0|Artes|Sim|Solteiro(a)
849|Médio|3509.1|3|Esportes|Não|Solteiro(a)
850|Superior|6061.25|0|Viagens|Sim|Solteiro(a)
851|Superior|8382.09|3|Leitura|Não|Viúvo(a)
852|Superior|2598.02|3|Artes|Não|Viúvo(a)
853|Médio|7220.75|4|Artes|Sim|Viúvo(a)
854|Médio|3940.73|0|Leitura|Não|Solteiro(a)
855|Fundamental|9645.84|3|Música|Sim|Divorciado(a)
856|Médio|6913.52|0|Música|Sim|Viúvo(a)
857|Superior|8109.28|4|Música|Não|Solteiro(a)
858|Fundamental||4|Leitura|Sim|Divorciado(a)
859|Médio|8494.54|3|Artes|Não|Casado(a)
860|Fundamental|8883.97|0|Leitura|Sim|Viúvo(a)
861|Superior|3392.72|4|Artes|Não|Casado(a)
862|Superior|7524.63|0|Viagens|Sim|Divorciado(a)
863|Superior|4514.4|2|Artes|Não|Viúvo(a)
864|Fundamental|7471.45|0|Leitura|Sim|Viúvo(a)
865|Fundamental|7404.46|2|Leitura|Não|Solteiro(a)
866|Superior|6994.89|4|Viagens|Sim|Solteiro(a)
867|Superior|2965.5|4|Música|Não|Casado(a)
868|Fundamental|5526.3|1|Artes|Não|Viúvo(a)
869|Fundamental|2807.03|1|Música|Não|Solteiro(a)
870|Superior|4736.99|0|Leitura|Sim|Casado(a)
871|Médio|9356.3|0|Viagens|Não|Solteiro(a)
872|Fundamental|5363.94|2|Música|Sim|Solteiro(a)
873|Médio|28543.95|4|Viagens|Não|Casado(a)
874|Médio|6377.69|2|Esportes|Não|Casado(a)
875|Superior|7681.88|1|Viagens|Não|Solteiro(a)
876|Fundamental|1619.85|3|Música|Sim|Casado(a)
877|Superior|6193.09|0|Música|Sim|Viúvo(a)
878|Fundamental|7626.03|1|Viagens|Sim|Divorciado(a)
879|Superior|8740.66|2|Viagens|Não|Solteiro(a)
880|Fundamental|2990.54|2|Artes|Não|Solteiro(a)
881|Médio|9612.71|4|Viagens|Sim|Solteiro(a)
882|Médio|8012.46|4|Esportes|Sim|Viúvo(a)
883|Fundamental|3653.61|3|Viagens|Não|Casado(a)
884|Fundamental|7823.89|3|Leitura|Não|Solteiro(a)
885|Médio|9797.84|1|Esportes|Não|Viúvo(a)
886|Médio|1090.34|1|Artes|Sim|Divorciado(a)
887|Médio|9901.31|0|Viagens|Sim|Divorciado(a)
888|Superior|1838.64|0|Viagens|Sim|Divorciado(a)
889|Superior|3303.08|2|Viagens|Não|Viúvo(a)
890|Médio|3001.65|0|Esportes|Sim|Viúvo(a)
891|Fundamental|3217.35|4|Música|Sim|Solteiro(a)
892|Superior|4088.8|0|Esportes|Não|Viúvo(a)
893|Médio|5469.56|4|Música|Sim|Viúvo(a)
894|Superior|9816.52|4|Esportes|Não|Casado(a)
895|Fundamental|9791.03|3|Leitura|Não|Viúvo(a)
896|Superior|5388.24|2|Viagens|Não|Viúvo(a)
897|Médio|6715.16|2|Esportes|Não|Divorciado(a)
898|Fundamental|2971.08|1|Música|Não|Casado(a)
899|Superior|5104.76|1|Viagens|Não|Divorciado(a)
900|Fundamental|2364.73|1|Leitura|Não|Divorciado(a)
901|Médio|6088.93|1|Leitura|Sim|Divorciado(a)
902|Superior|27403.26|3|Artes|Sim|Solteiro(a)
903|Fundamental|7151.06|4|Música|Não|Viúvo(a)
904|Fundamental|1111.03|1|Esportes|Não|Solteiro(a)
905|Fundamental|4083.32|0|Esportes|Sim|Viúvo(a)
906||1744.93|2|Viagens|Sim|Solteiro(a)
907|Médio|1506.43|2|Esportes|Não|Solteiro(a)
908|Superior|7805.19|4|Artes|Não|Solteiro(a)
909|Médio|1174.87|1|Viagens|Não|Solteiro(a)
910|Fundamental|8092.35|0|Artes|Sim|Casado(a)
911|Superior||2|Artes|Sim|Divorciado(a)
912|Superior|9155.57|3|Esportes|Sim|Viúvo(a)
913|Médio|7482.77|2|Leitura|Não|Divorciado(a)
914|Médio|8438.74|3|Esportes|Não|Viúvo(a)
915|Superior|9846.5|3|Leitura|Não|Divorciado(a)
916|Fundamental|9850.61|2|Esportes|Não|Solteiro(a)
917|Médio|9727.7|4|Esportes|Sim|Divorciado(a)
918|Fundamental|8748.41|1|Música|Não|Casado(a)
919|Fundamental|8591.7|3|Leitura|Não|Casado(a)
920|Fundamental|4429.86|4|Viagens|Sim|Viúvo(a)
921|Superior|1267.17|1|Música|Não|Casado(a)
922|Médio|9370.57|4|Esportes|Não|Casado(a)
923|Superior|7116.42|4|Leitura|Sim|Casado(a)
924|Fundamental|4038.3|3|Leitura|Não|Divorciado(a)
925|Médio|1414.98|3|Leitura|Não|Solteiro(a)
926|Superior|3375.55|2|Música|Não|Divorciado(a)
927|Fundamental|8577.1|1|Artes|Sim|Solteiro(a)
928|Fundamental|7330.53|1|Música|Não|Solteiro(a)
929|Fundamental|6144.63|3|Esportes|Não|Viúvo(a)
930|Fundamental|8411.1|1|Música|Sim|Casado(a)
931|Superior|6412.74|3|Esportes|Sim|Viúvo(a)
932|Fundamental|2640.91|0|Esportes|Sim|Divorciado(a)
933|Superior|2197.72|4|Artes|Não|Divorciado(a)
934|Médio|7908.94|0|Música|Não|Viúvo(a)
935|Médio|1039.72|2|Música|Não|Viúvo(a)
936|Superior|7679.95|2|Leitura|Sim|Viúvo(a)
937|Fundamental|3180.55|1|Viagens|Não|Viúvo(a)
938|Fundamental|7094.37|4|Leitura|Não|Solteiro(a)
939|Médio|7099.33|1|Esportes|Não|Solteiro(a)
940|Superior|8137.39|0|Leitura|Não|Solteiro(a)
941|Médio|3264.4|4|Artes|Não|Casado(a)
942|Médio|5152.5|0|Esportes|Não|Viúvo(a)
943|Superior|6513.18|0|Artes|Sim|Solteiro(a)
944|Fundamental|5868.56|1|Música|Não|Viúvo(a)
945|Fundamental|4226.18|0|Música|Não|Casado(a)
946|Médio|2426.46|1|Esportes|Não|Solteiro(a)
947|Superior|6313.17|0|Artes|Não|Divorciado(a)
948|Fundamental|9379.05|3|Esportes|Não|Viúvo(a)
949|Médio|3489.03|1|Viagens|Não|Divorciado(a)
950||3454.2|4|Leitura|Sim|Divorciado(a)
951|Médio|2239.18|2|Esportes|Sim|Viúvo(a)
952|Superior|2911.74|0|Esportes|Sim|Viúvo(a)
953|Fundamental|3996.03|2|Viagens|Não|Casado(a)
954|Fundamental|1862.98|2|Viagens|Não|Viúvo(a)
955|Médio|6664.35|3|Viagens|Sim|Viúvo(a)
956|Superior|5309.14|2|Esportes|Não|Solteiro(a)
957|Médio|9371.7|0|Artes|Sim|Divorciado(a)
958|Médio|3436.37|0|Leitura|Sim|Solteiro(a)
959|Médio|4066.9|4|Música|Sim|Viúvo(a)
960|Superior|5910.39|4|Artes|Sim|Viúvo(a)
961|Superior|7656.65|2|Leitura|Sim|Casado(a)
962|Médio|7037.16|2|Viagens|Sim|Viúvo(a)
963|Médio|1984.45|4|Música|Sim|Solteiro(a)
964|Médio|6450.38|1|Artes|Sim|Divorciado(a)
965|Fundamental||0|Música|Não|Casado(a)
966|Superior|5377.41|4|Artes|Não|Solteiro(a)
967|Fundamental|9580.51|4|Artes|Não|Viúvo(a)
968|Médio|6143.05|1|Música|Não|Casado(a)
969|Fundamental|2666.31|0|Leitura|Sim|Viúvo(a)
970|Médio|3952.4|3|Leitura|Sim|Casado(a)
971|Médio|7341.71|3|Viagens|Sim|Viúvo(a)
972|Médio|5829.45|2|Leitura|Não|Divorciado(a)
973|Fundamental|7145.66|4|Esportes|Sim|Casado(a)
974|Médio|2611.98|1|Artes|Não|Divorciado(a)
975|Fundamental|3700.91|4|Artes|Sim|Viúvo(a)
976|Médio|2636.74|3|Música|Sim|Solteiro(a)
977|Fundamental|8653.11|2|Música|Sim|Solteiro(a)
978|Fundamental|7345.81|2|Leitura|Sim|Viúvo(a)
979|Médio|9646.58|3|Leitura|Sim|Solteiro(a)
980|Superior|8170.43|1|Esportes|Sim|Solteiro(a)
981|Fundamental|1677.67|3|Artes|Sim|Casado(a)
982|Médio|5820.75|0|Leitura|Sim|Casado(a)
983|Fundamental|7141.88|3|Viagens|Sim|Casado(a)
984|Médio|3824.37|0|Artes|Não|Divorciado(a)
985|Fundamental|5831.13|4|Leitura|Sim|Solteiro(a)
986|Fundamental|7839.23|0|Música|Não|Solteiro(a)
987|Médio|8757.56|4|Viagens|Sim|Solteiro(a)
988|Fundamental|6702.03|0|Viagens|Sim|Solteiro(a)
989|Fundamental|3480.16|4|Leitura|Sim|Viúvo(a)
990|Médio|4214.88|0|Música|Não|Divorciado(a)
991|Fundamental|9307.6|4|Viagens|Não|Viúvo(a)
992|Médio|5411.13|0|Artes|Sim|Divorciado(a)
993|Fundamental|5789.05|1|Viagens|Sim|Solteiro(a)
994|Superior|8668.85|2|Esportes|Sim|Casado(a)
995|Superior|1212.52|4|Esportes|Não|Viúvo(a)
996|Fundamental|9648.35|3|Viagens|Sim|Divorciado(a)
997|Fundamental|1759.26|4|Artes|Sim|Viúvo(a)
998|Médio|6629.56|2|Artes|Não|Casado(a)
999|Médio|9772.45|0|Artes|Sim|Viúvo(a)
1000|Superior|2233.39|3|Música|Não|Solteiro(a)
