id_cliente;id_estado;idade;genero;estado Civil;renda;nivel_educacao
1;21;24;Feminino;Divorciado;8672.21;Superior
2;14;60;Feminino;Casado;2946.06;Superior
3;26;23;Feminino;Solteiro;5872.48;Médio
4;18;51;Masculino;Casado;7871.49;Superior
5;4;51;Outro;Viúvo;6033.31;Superior
6;4;62;Masculino;Solteiro;8361.42;Médio
7;21;53;Outro;Viúvo;9074.09;Superior
8;27;46;Masculino;Viúvo;9303.18;Médio
9;12;26;Outro;Divorciado;9222.33;Médio
10;14;59;Feminino;Divorciado;1009.4;Médio
11;6;64;Masculino;Casado;2248.37;Superior
12;2;42;Outro;Solteiro;1649.72;Superior
13;24;28;Masculino;Viúvo;7201.01;Fundamental
14;8;24;Outro;Divorciado;5277.08;Fundamental
15;6;25;Feminino;Divorciado;7622.38;Fundamental
16;27;21;Outro;Divorciado;7198.38;Médio
17;7;36;Outro;Viúvo;3610.01;Médio
18;15;21;Masculino;Solteiro;8699.88;Superior
19;5;29;Masculino;Divorciado;9007.78;Médio
20;1;33;Feminino;Viúvo;2510.78;Fundamental
21;1;65;Outro;Divorciado;3303.41;Médio
22;7;24;Feminino;Divorciado;7008.7;Superior
23;9;46;Outro;Casado;1174.47;Superior
24;17;52;Outro;Casado;6705.79;Superior
25;25;39;Feminino;Viúvo;6673.91;Médio
26;14;20;Outro;Solteiro;4767.56;Fundamental
27;2;27;Masculino;Divorciado;5796.78;Médio
28;15;18;Masculino;Casado;3330.71;Superior
29;12;23;Outro;Divorciado;3502.37;Fundamental
30;10;39;Outro;Solteiro;4571.7;Fundamental
31;19;55;Outro;Divorciado;8169.6;Superior
32;5;23;Feminino;Casado;7390.64;Médio
33;27;25;Outro;Casado;2639.64;Médio
34;24;36;Feminino;Divorciado;1191.94;Fundamental
35;8;48;Masculino;Solteiro;5166.56;Médio
36;13;65;Feminino;Solteiro;8339.84;Superior
37;21;46;Outro;Divorciado;6599.17;Superior
38;5;33;Feminino;Divorciado;3302.87;Fundamental
39;23;65;Feminino;Divorciado;4552.62;Médio
40;3;21;Masculino;Divorciado;4247.43;Superior
41;24;27;Feminino;Viúvo;4363.25;Superior
42;8;32;Feminino;Divorciado;9505.99;Fundamental
43;10;28;Masculino;Casado;9440.34;Superior
44;21;26;Outro;Divorciado;8440.45;Fundamental
45;23;65;Outro;Solteiro;7580.83;Superior
46;15;63;Feminino;Divorciado;2336.69;Fundamental
47;9;49;Masculino;Solteiro;8983.23;Fundamental
48;8;42;Masculino;Viúvo;8016.93;Médio
49;1;23;Feminino;Solteiro;5402.37;Superior
50;11;51;Feminino;Viúvo;6760.15;Médio
51;3;26;Feminino;Casado;7200.37;Médio
52;1;30;Feminino;Viúvo;1506.19;Médio
53;24;36;Masculino;Casado;9432.22;Superior
54;11;21;Feminino;Viúvo;4627.62;Superior
55;9;64;Masculino;Divorciado;5645.96;Superior
56;22;57;Masculino;Divorciado;8105.42;Superior
57;10;42;Masculino;Solteiro;9148.67;Médio
58;20;63;Masculino;Divorciado;7328.6;Fundamental
59;22;18;Masculino;Divorciado;2015.72;Superior
60;7;18;Masculino;Solteiro;3750.92;Superior
61;11;40;Outro;Solteiro;4281.24;Médio
62;22;24;Feminino;Divorciado;2918.2;Fundamental
63;12;60;Outro;Solteiro;9079.91;Fundamental
64;6;37;Feminino;Divorciado;5053.8;Superior
65;8;29;Feminino;Viúvo;4113.77;Fundamental
66;9;38;Outro;Casado;5704.74;Médio
67;27;36;Outro;Viúvo;7829.35;Superior
68;19;36;Outro;Casado;6188.99;Médio
69;14;29;Masculino;Solteiro;1942.42;Superior
70;21;45;Feminino;Viúvo;6768.28;Fundamental
71;18;40;Masculino;Viúvo;8770.56;Médio
72;12;18;Masculino;Viúvo;5982.21;Fundamental
73;19;32;Outro;Solteiro;3078.81;Superior
74;13;44;Masculino;Viúvo;9336.11;Superior
75;4;28;Outro;Casado;4202.39;Fundamental
76;8;44;Outro;Divorciado;7661.6;Fundamental
77;9;49;Outro;Divorciado;4798.62;Médio
78;26;35;Masculino;Solteiro;3405.32;Médio
79;2;49;Masculino;Viúvo;7684.62;Superior
80;27;39;Feminino;Viúvo;5989.07;Médio
81;21;46;Feminino;Divorciado;7258.12;Superior
82;24;25;Masculino;Viúvo;3043.11;Fundamental
83;24;39;Masculino;Casado;4133.9;Superior
84;24;48;Masculino;Casado;4404.77;Superior
85;13;49;Masculino;Viúvo;1610.89;Fundamental
86;21;65;Feminino;Viúvo;9976.51;Superior
87;3;21;Masculino;Divorciado;2446.95;Médio
88;2;44;Feminino;Viúvo;1310.78;Fundamental
89;2;27;Outro;Casado;6108.95;Médio
90;2;39;Masculino;Casado;4422.63;Fundamental
91;11;42;Masculino;Solteiro;6852.22;Superior
92;16;26;Feminino;Divorciado;4381.46;Médio
93;22;42;Feminino;Viúvo;8997.74;Superior
94;2;33;Masculino;Solteiro;2985.92;Médio
95;16;35;Feminino;Viúvo;7218.87;Médio
96;11;34;Outro;Casado;8848.38;Fundamental
97;24;40;Outro;Viúvo;2417.23;Fundamental
98;4;54;Outro;Solteiro;7698.46;Superior
99;13;18;Outro;Divorciado;9881.47;Médio
100;5;64;Feminino;Viúvo;7856.71;Superior
101;3;44;Feminino;Casado;1146.51;Médio
102;6;21;Feminino;Casado;5312.28;Superior
103;8;38;Feminino;Solteiro;1974.87;Fundamental
104;26;39;Feminino;Viúvo;3672.44;Fundamental
105;22;64;Feminino;Divorciado;4337.84;Superior
106;23;56;Outro;Casado;1137.95;Superior
107;14;25;Masculino;Solteiro;1564.02;Médio
108;19;62;Feminino;Viúvo;6451.48;Superior
109;10;60;Masculino;Viúvo;4161.72;Superior
110;21;43;Feminino;Divorciado;2674.3;Fundamental
111;10;55;Outro;Casado;9464.13;Fundamental
112;16;34;Masculino;Viúvo;7480.04;Médio
113;23;47;Feminino;Divorciado;3924.41;Superior
114;11;34;Outro;Solteiro;7762.21;Superior
115;4;36;Outro;Divorciado;5705.61;Superior
116;18;43;Masculino;Divorciado;9914.35;Médio
117;25;22;Feminino;Viúvo;8862.4;Médio
118;20;51;Outro;Viúvo;9891.33;Médio
119;9;50;Feminino;Solteiro;6153.77;Médio
120;7;47;Masculino;Solteiro;1417.28;Fundamental
121;26;44;Outro;Casado;8727.59;Médio
122;7;49;Outro;Divorciado;4661.9;Médio
123;7;20;Feminino;Viúvo;9924.29;Fundamental
124;6;41;Masculino;Divorciado;9552.53;Superior
125;7;38;Feminino;Viúvo;3111.24;Médio
126;13;65;Masculino;Solteiro;1215.07;Médio
127;15;24;Masculino;Casado;5093.36;Superior
128;16;51;Feminino;Solteiro;5350.88;Médio
129;7;18;Outro;Solteiro;1710.25;Médio
130;11;58;Masculino;Divorciado;9192.73;Fundamental
131;13;31;Masculino;Divorciado;5651.39;Fundamental
132;20;58;Masculino;Divorciado;1620.05;Médio
133;12;54;Feminino;Casado;1579.87;Médio
134;12;40;Masculino;Viúvo;8556.43;Superior
135;10;29;Masculino;Viúvo;2089.32;Médio
136;25;23;Feminino;Viúvo;7751.75;Superior
137;12;48;Outro;Casado;7487.77;Fundamental
138;8;38;Masculino;Divorciado;3993.87;Fundamental
139;14;32;Masculino;Viúvo;8769.39;Superior
140;13;49;Outro;Viúvo;5301.38;Médio
141;3;65;Masculino;Divorciado;1342.68;Fundamental
142;4;64;Feminino;Viúvo;5978.5;Fundamental
143;25;47;Masculino;Solteiro;6129.74;Médio
144;14;34;Feminino;Viúvo;4705.06;Fundamental
145;10;56;Feminino;Casado;3975.5;Médio
146;13;20;Outro;Casado;4607.31;Fundamental
147;23;20;Masculino;Divorciado;2498.91;Médio
148;27;27;Feminino;Casado;8944.26;Superior
149;14;38;Feminino;Solteiro;9204.81;Médio
150;11;55;Feminino;Divorciado;1621.63;Superior
151;27;44;Masculino;Divorciado;8582.67;Fundamental
152;9;41;Masculino;Viúvo;4850.42;Fundamental
153;12;48;Outro;Divorciado;3191.14;Superior
154;11;63;Feminino;Casado;1297.02;Médio
155;2;34;Feminino;Viúvo;5290.55;Fundamental
156;5;61;Masculino;Casado;7280.75;Fundamental
157;4;29;Feminino;Casado;1592.3;Médio
158;12;56;Masculino;Divorciado;2226.91;Fundamental
159;24;24;Outro;Divorciado;1841.51;Superior
160;24;54;Masculino;Solteiro;5881.72;Superior
161;13;48;Feminino;Viúvo;1990.4;Superior
162;22;27;Outro;Solteiro;8801.04;Médio
163;3;26;Outro;Casado;3228.02;Médio
164;19;19;Masculino;Divorciado;1189.93;Fundamental
165;1;25;Outro;Casado;2485.56;Superior
166;22;32;Outro;Viúvo;6339.75;Médio
167;23;51;Outro;Viúvo;1670.27;Fundamental
168;22;61;Feminino;Casado;5736.7;Superior
169;19;62;Masculino;Casado;4849.4;Médio
170;22;19;Feminino;Viúvo;4877.53;Superior
171;8;61;Feminino;Casado;7504.99;Fundamental
172;7;20;Feminino;Divorciado;8197.3;Fundamental
173;23;45;Outro;Viúvo;7585.19;Fundamental
174;6;52;Outro;Divorciado;1482.34;Superior
175;18;26;Feminino;Divorciado;3773.46;Médio
176;8;44;Feminino;Viúvo;3681.37;Médio
177;6;47;Outro;Solteiro;8321.83;Fundamental
178;7;23;Feminino;Divorciado;1419.35;Fundamental
179;11;22;Masculino;Solteiro;5773.42;Médio
180;2;25;Feminino;Viúvo;5564.56;Superior
181;17;18;Masculino;Casado;2921.72;Fundamental
182;20;48;Outro;Viúvo;7874.96;Superior
183;22;28;Feminino;Solteiro;9700.61;Superior
184;16;36;Masculino;Divorciado;5699.87;Superior
185;19;61;Feminino;Casado;8034.12;Médio
186;13;24;Outro;Viúvo;7388.44;Superior
187;6;64;Outro;Solteiro;8309.67;Superior
188;3;38;Masculino;Divorciado;1324.33;Superior
189;19;40;Outro;Solteiro;1131.41;Fundamental
190;24;25;Outro;Divorciado;9202.37;Médio
191;15;62;Outro;Viúvo;5372.99;Superior
192;6;19;Feminino;Casado;4174.7;Fundamental
193;7;37;Feminino;Divorciado;1045.71;Superior
194;20;45;Masculino;Divorciado;1380.42;Médio
195;2;52;Masculino;Solteiro;9138.58;Fundamental
196;26;48;Feminino;Solteiro;8050.99;Fundamental
197;18;27;Outro;Viúvo;6759.91;Superior
198;11;60;Masculino;Divorciado;9286.34;Médio
199;9;28;Masculino;Divorciado;7246.68;Médio
200;4;21;Outro;Casado;7605.76;Fundamental
201;2;26;Masculino;Solteiro;6522.99;Superior
202;22;30;Feminino;Viúvo;5693.06;Superior
203;4;18;Outro;Viúvo;9820.09;Fundamental
204;16;60;Outro;Divorciado;2297.12;Fundamental
205;17;45;Outro;Divorciado;5533.45;Fundamental
206;24;18;Outro;Casado;1558.24;Fundamental
207;21;59;Outro;Solteiro;2933.21;Fundamental
208;23;57;Feminino;Solteiro;6191.52;Médio
209;20;51;Masculino;Viúvo;2295.44;Médio
210;6;63;Feminino;Viúvo;5841.57;Médio
211;18;64;Outro;Divorciado;6535.55;Fundamental
212;23;27;Masculino;Viúvo;8468.17;Superior
213;15;46;Outro;Viúvo;9855.42;Médio
214;24;46;Masculino;Viúvo;2163.67;Médio
215;15;46;Outro;Casado;1949.11;Superior
216;22;20;Outro;Casado;3131.82;Fundamental
217;12;31;Outro;Casado;9989.72;Superior
218;14;45;Masculino;Casado;6862.26;Superior
219;20;25;Outro;Divorciado;6798.55;Fundamental
220;11;61;Outro;Solteiro;1139.22;Superior
221;3;50;Masculino;Casado;3327.62;Superior
222;19;64;Masculino;Viúvo;9774.54;Superior
223;23;51;Masculino;Viúvo;2809.87;Superior
224;14;29;Feminino;Casado;9213.15;Médio
225;14;28;Feminino;Viúvo;7665.06;Fundamental
226;4;31;Masculino;Viúvo;1921.41;Superior
227;1;60;Masculino;Solteiro;6724.74;Superior
228;3;50;Feminino;Casado;2643.36;Fundamental
229;7;19;Masculino;Viúvo;1777.01;Superior
230;12;57;Feminino;Viúvo;8989.92;Superior
231;14;21;Outro;Casado;9640.98;Superior
232;18;21;Feminino;Divorciado;5471.6;Fundamental
233;3;41;Feminino;Solteiro;3933.78;Superior
234;8;26;Feminino;Solteiro;3324.82;Fundamental
235;27;19;Feminino;Viúvo;3415.82;Fundamental
236;27;55;Outro;Viúvo;7707.67;Médio
237;25;59;Feminino;Viúvo;1869.94;Médio
238;16;44;Masculino;Viúvo;8045.42;Fundamental
239;13;58;Feminino;Casado;1481.12;Fundamental
240;14;53;Outro;Viúvo;6558.39;Médio
241;17;32;Masculino;Divorciado;6994.6;Médio
242;14;37;Outro;Viúvo;5874.59;Superior
243;7;28;Outro;Divorciado;1164.03;Superior
244;17;64;Outro;Casado;9655.06;Superior
245;13;56;Feminino;Divorciado;3703.61;Médio
246;21;59;Outro;Divorciado;3946.1;Médio
247;25;21;Feminino;Divorciado;4471.22;Superior
248;4;49;Masculino;Solteiro;4908.02;Médio
249;12;57;Masculino;Solteiro;9756.77;Médio
250;11;64;Feminino;Casado;8467.12;Fundamental
251;24;32;Feminino;Viúvo;9178.99;Fundamental
252;13;64;Feminino;Solteiro;6154.57;Superior
253;9;50;Feminino;Casado;9736.89;Fundamental
254;7;63;Outro;Casado;2741.19;Fundamental
255;27;61;Masculino;Viúvo;8856.61;Superior
256;15;56;Masculino;Casado;2626.04;Superior
257;17;40;Feminino;Casado;8322.03;Superior
258;10;64;Masculino;Divorciado;3593.01;Superior
259;18;34;Feminino;Solteiro;4011.25;Superior
260;14;50;Masculino;Viúvo;4663.7;Fundamental
261;27;27;Masculino;Casado;4582.61;Fundamental
262;14;29;Feminino;Solteiro;8578.01;Fundamental
263;20;47;Outro;Divorciado;8533.61;Fundamental
264;18;62;Feminino;Solteiro;9822.55;Fundamental
265;26;42;Feminino;Divorciado;8763.26;Fundamental
266;25;34;Feminino;Viúvo;7600.51;Superior
267;13;56;Masculino;Solteiro;5626.02;Superior
268;25;36;Feminino;Solteiro;5306.11;Médio
269;11;52;Masculino;Divorciado;7846.2;Superior
270;1;52;Masculino;Divorciado;9349.26;Superior
271;27;61;Outro;Solteiro;8039.84;Superior
272;9;29;Outro;Divorciado;1698.32;Médio
273;6;56;Outro;Solteiro;3590.06;Médio
274;23;62;Feminino;Divorciado;7185.68;Médio
275;2;25;Feminino;Viúvo;6600.37;Fundamental
276;3;44;Feminino;Viúvo;4461.29;Superior
277;7;64;Masculino;Casado;3054.89;Superior
278;26;18;Feminino;Casado;9394.2;Superior
279;2;39;Masculino;Casado;9387.61;Fundamental
280;27;30;Feminino;Viúvo;9667.71;Fundamental
281;9;45;Feminino;Solteiro;1328.46;Superior
282;19;28;Outro;Solteiro;3754.23;Superior
283;15;36;Feminino;Casado;5243.7;Fundamental
284;21;19;Outro;Solteiro;5765.52;Superior
285;13;29;Outro;Casado;7882.25;Médio
286;9;56;Masculino;Divorciado;8083.78;Superior
287;17;22;Masculino;Divorciado;6259.88;Médio
288;8;61;Outro;Divorciado;3883.18;Fundamental
289;11;54;Masculino;Casado;3639.97;Superior
290;19;61;Outro;Solteiro;8232.28;Fundamental
291;25;24;Feminino;Solteiro;1197.35;Médio
292;9;20;Outro;Solteiro;1894.3;Médio
293;6;39;Masculino;Divorciado;6831.65;Médio
294;19;50;Feminino;Casado;5058.4;Fundamental
295;19;53;Masculino;Solteiro;7486.08;Superior
296;23;56;Outro;Divorciado;1696.4;Superior
297;20;58;Feminino;Divorciado;1058.03;Fundamental
298;20;30;Outro;Solteiro;3397.21;Superior
299;9;61;Outro;Casado;4703.1;Fundamental
300;13;33;Masculino;Casado;3799.22;Médio
301;24;48;Masculino;Solteiro;7257.09;Médio
302;14;38;Feminino;Divorciado;1382.82;Superior
303;13;56;Feminino;Divorciado;4006.36;Fundamental
304;11;39;Feminino;Solteiro;3375.92;Superior
305;18;56;Masculino;Viúvo;8415.86;Superior
306;16;51;Outro;Divorciado;8475.59;Médio
307;27;37;Feminino;Divorciado;2214.46;Médio
308;6;56;Outro;Solteiro;8117.39;Médio
309;14;24;Feminino;Solteiro;1445.4;Médio
310;16;58;Masculino;Divorciado;5908.85;Superior
311;19;24;Masculino;Casado;3925.36;Superior
312;27;30;Masculino;Solteiro;7826.42;Fundamental
313;12;58;Feminino;Casado;5796.36;Superior
314;17;58;Outro;Divorciado;8133.88;Superior
315;9;62;Feminino;Casado;8600.85;Superior
316;11;46;Outro;Divorciado;9642.27;Superior
317;20;41;Masculino;Casado;2920.05;Fundamental
318;13;59;Masculino;Casado;7150.53;Superior
319;10;52;Outro;Casado;8422.61;Superior
320;11;49;Outro;Solteiro;8483.93;Superior
321;21;39;Outro;Casado;5930.87;Superior
322;26;57;Feminino;Solteiro;4438.24;Médio
323;19;65;Outro;Casado;4963.53;Superior
324;23;44;Masculino;Divorciado;9390.77;Superior
325;26;21;Feminino;Solteiro;4166.01;Fundamental
326;27;49;Masculino;Divorciado;3409.47;Superior
327;9;19;Feminino;Divorciado;5516.35;Médio
328;14;64;Outro;Viúvo;4604.85;Médio
329;24;65;Outro;Viúvo;1516.61;Superior
330;14;41;Feminino;Divorciado;3862.99;Superior
331;27;44;Outro;Solteiro;8129.64;Médio
332;27;57;Feminino;Solteiro;4038.01;Fundamental
333;14;58;Feminino;Casado;7075.71;Fundamental
334;26;30;Feminino;Solteiro;5148.21;Médio
335;25;55;Masculino;Viúvo;6476.28;Fundamental
336;21;47;Masculino;Viúvo;2799.18;Fundamental
337;18;21;Masculino;Viúvo;7364.82;Fundamental
338;16;28;Outro;Solteiro;6234.3;Fundamental
339;8;32;Masculino;Casado;4303.68;Superior
340;18;40;Masculino;Casado;3734.05;Fundamental
341;14;18;Feminino;Solteiro;1194.31;Superior
342;21;40;Feminino;Casado;4922.06;Fundamental
343;18;23;Feminino;Solteiro;4384.22;Médio
344;15;31;Masculino;Divorciado;5867.91;Superior
345;11;38;Feminino;Casado;8457.39;Fundamental
346;27;64;Feminino;Solteiro;7349.74;Fundamental
347;10;51;Masculino;Solteiro;8400.01;Superior
348;24;32;Outro;Viúvo;2793.13;Médio
349;19;39;Feminino;Divorciado;2053.87;Fundamental
350;7;22;Masculino;Divorciado;3712.95;Fundamental
351;24;49;Masculino;Divorciado;4910.51;Superior
352;22;62;Outro;Viúvo;1044.45;Fundamental
353;11;55;Feminino;Viúvo;2794.45;Fundamental
354;20;19;Outro;Viúvo;1049.35;Médio
355;4;53;Feminino;Solteiro;4661.95;Superior
356;20;35;Outro;Solteiro;9925.47;Fundamental
357;3;21;Feminino;Solteiro;9383.25;Médio
358;25;45;Outro;Viúvo;7526.32;Médio
359;2;40;Masculino;Viúvo;5359.02;Superior
360;12;28;Outro;Solteiro;9615.47;Fundamental
361;21;38;Masculino;Viúvo;1357.02;Superior
362;14;41;Feminino;Casado;3991.81;Fundamental
363;20;19;Outro;Divorciado;6978.78;Médio
364;12;28;Feminino;Divorciado;9111.24;Fundamental
365;25;52;Masculino;Casado;5798.33;Superior
366;11;60;Outro;Solteiro;8825.48;Fundamental
367;16;32;Feminino;Divorciado;8070.89;Fundamental
368;9;29;Feminino;Casado;8526.25;Fundamental
369;4;19;Outro;Casado;6266.96;Superior
370;11;33;Masculino;Solteiro;8274.99;Médio
371;10;57;Feminino;Viúvo;5051.55;Médio
372;26;50;Feminino;Divorciado;4442.33;Fundamental
373;26;34;Outro;Viúvo;3192.54;Superior
374;26;47;Outro;Solteiro;7898.63;Superior
375;13;28;Outro;Casado;9081.23;Fundamental
376;14;23;Masculino;Divorciado;5587.03;Superior
377;20;27;Masculino;Solteiro;2602.2;Médio
378;21;35;Masculino;Casado;5911.37;Superior
379;15;31;Masculino;Viúvo;6826.36;Médio
380;15;50;Masculino;Casado;9563.76;Médio
381;26;62;Masculino;Casado;5615.94;Médio
382;5;52;Outro;Divorciado;3036.4;Superior
383;7;63;Masculino;Solteiro;9440.91;Superior
384;14;24;Masculino;Solteiro;3049.21;Médio
385;3;39;Masculino;Casado;2382.31;Superior
386;17;59;Masculino;Casado;1247.61;Médio
387;2;27;Masculino;Divorciado;5128.47;Superior
388;13;27;Outro;Solteiro;4849.9;Fundamental
389;13;62;Masculino;Solteiro;6019.78;Fundamental
390;25;54;Outro;Solteiro;1573.37;Superior
391;13;35;Outro;Solteiro;8853.22;Fundamental
392;20;26;Masculino;Divorciado;3590.78;Médio
393;2;32;Masculino;Viúvo;1623.77;Fundamental
394;25;33;Masculino;Viúvo;8033.15;Superior
395;5;43;Masculino;Solteiro;9864.35;Médio
396;27;32;Masculino;Solteiro;5917.9;Superior
397;17;55;Masculino;Casado;5886.71;Médio
398;19;21;Outro;Solteiro;3118.31;Médio
399;11;57;Feminino;Viúvo;2785.28;Superior
400;22;49;Feminino;Divorciado;7552.88;Superior
401;9;18;Outro;Viúvo;8747.53;Fundamental
402;3;22;Masculino;Divorciado;8985.82;Fundamental
403;1;65;Masculino;Divorciado;5451.49;Superior
404;27;61;Masculino;Solteiro;4247.95;Fundamental
405;20;24;Masculino;Viúvo;2319.11;Superior
406;22;57;Feminino;Solteiro;2862.75;Fundamental
407;13;32;Outro;Solteiro;5523.95;Fundamental
408;4;22;Feminino;Divorciado;6384.97;Médio
409;25;44;Feminino;Casado;6340.71;Fundamental
410;23;33;Masculino;Solteiro;7341.09;Superior
411;24;60;Feminino;Solteiro;4744.72;Médio
412;20;46;Outro;Viúvo;7660.82;Superior
413;9;35;Outro;Divorciado;3325.16;Fundamental
414;4;36;Masculino;Solteiro;5341.36;Superior
415;16;42;Masculino;Solteiro;3123.9;Médio
416;27;23;Masculino;Casado;7718.63;Superior
417;23;32;Feminino;Solteiro;9663.96;Fundamental
418;26;41;Masculino;Viúvo;9647.71;Superior
419;5;65;Masculino;Divorciado;8547.86;Fundamental
420;8;29;Feminino;Divorciado;8485.63;Fundamental
421;9;48;Outro;Divorciado;6813.26;Superior
422;15;26;Feminino;Solteiro;8341.38;Superior
423;8;42;Feminino;Solteiro;1470.13;Médio
424;11;41;Outro;Divorciado;1973.8;Médio
425;12;65;Feminino;Divorciado;6659.44;Fundamental
426;1;20;Masculino;Casado;2311.06;Fundamental
427;2;54;Feminino;Divorciado;1486.82;Fundamental
428;20;39;Outro;Divorciado;9237.26;Fundamental
429;18;32;Feminino;Divorciado;4109.77;Fundamental
430;17;30;Masculino;Viúvo;5777.26;Médio
431;22;30;Outro;Solteiro;5485.08;Médio
432;1;59;Masculino;Viúvo;8319.43;Fundamental
433;2;51;Outro;Viúvo;9372.63;Superior
434;12;35;Masculino;Viúvo;3902.84;Fundamental
435;23;57;Feminino;Divorciado;3249.52;Fundamental
436;1;63;Feminino;Divorciado;7626.21;Superior
437;21;26;Feminino;Solteiro;4124.44;Fundamental
438;11;18;Outro;Casado;7081.89;Médio
439;27;52;Feminino;Casado;4215.32;Médio
440;11;33;Feminino;Viúvo;2846.65;Fundamental
441;4;30;Feminino;Casado;7328.52;Superior
442;6;48;Outro;Casado;3539.98;Médio
443;14;62;Masculino;Solteiro;4920.82;Superior
444;14;54;Masculino;Viúvo;1844.35;Superior
445;16;51;Feminino;Divorciado;8361.25;Superior
446;17;42;Feminino;Solteiro;5944.0;Fundamental
447;18;65;Feminino;Solteiro;8119.17;Fundamental
448;15;64;Outro;Solteiro;9694.48;Superior
449;27;39;Feminino;Solteiro;7887.02;Fundamental
450;16;31;Masculino;Casado;7133.02;Fundamental
451;12;34;Outro;Solteiro;7405.54;Superior
452;8;56;Masculino;Divorciado;3070.14;Superior
453;11;34;Feminino;Casado;4183.46;Médio
454;15;39;Outro;Casado;3526.3;Superior
455;20;32;Outro;Viúvo;2599.74;Superior
456;8;44;Masculino;Solteiro;1570.55;Fundamental
457;24;29;Outro;Viúvo;4390.28;Médio
458;9;61;Outro;Viúvo;6831.52;Médio
459;15;39;Outro;Divorciado;2329.95;Superior
460;18;18;Masculino;Solteiro;7332.57;Fundamental
461;2;57;Feminino;Viúvo;2253.06;Fundamental
462;15;36;Feminino;Viúvo;7666.52;Fundamental
463;17;63;Masculino;Viúvo;2757.17;Fundamental
464;25;57;Outro;Solteiro;6794.02;Superior
465;5;23;Outro;Casado;2358.68;Superior
466;13;41;Masculino;Viúvo;6572.81;Superior
467;16;18;Masculino;Divorciado;1564.59;Fundamental
468;6;33;Masculino;Viúvo;4128.24;Médio
469;2;59;Outro;Solteiro;5593.96;Fundamental
470;7;40;Masculino;Viúvo;2749.58;Fundamental
471;7;30;Masculino;Casado;9297.61;Médio
472;4;62;Outro;Viúvo;2022.21;Superior
473;25;34;Masculino;Viúvo;6088.11;Superior
474;25;28;Feminino;Viúvo;3605.68;Superior
475;26;24;Feminino;Divorciado;2117.63;Fundamental
476;25;49;Feminino;Casado;4716.23;Fundamental
477;26;26;Outro;Casado;2245.95;Médio
478;15;34;Feminino;Divorciado;5343.43;Médio
479;25;31;Outro;Viúvo;6616.33;Fundamental
480;23;50;Feminino;Casado;1033.32;Fundamental
481;19;32;Masculino;Divorciado;5727.14;Fundamental
482;16;51;Outro;Viúvo;1402.05;Médio
483;2;34;Masculino;Viúvo;8125.32;Fundamental
484;16;45;Feminino;Solteiro;2545.81;Fundamental
485;26;35;Masculino;Divorciado;7909.51;Médio
486;6;41;Outro;Casado;7973.42;Médio
487;3;63;Masculino;Solteiro;6369.02;Médio
488;11;25;Feminino;Divorciado;1054.74;Médio
489;23;55;Masculino;Casado;2647.55;Médio
490;16;23;Outro;Casado;5060.72;Médio
491;6;40;Feminino;Viúvo;6821.32;Médio
492;17;25;Feminino;Divorciado;7046.43;Médio
493;20;24;Masculino;Divorciado;1418.34;Superior
494;2;46;Outro;Viúvo;2567.71;Médio
495;25;51;Masculino;Viúvo;4460.33;Superior
496;9;19;Feminino;Divorciado;7179.48;Superior
497;15;59;Feminino;Viúvo;9131.66;Superior
498;2;41;Outro;Casado;3413.66;Médio
499;10;54;Masculino;Viúvo;5939.95;Médio
500;14;35;Masculino;Casado;4440.36;Médio
501;27;53;Outro;Casado;3571.5;Superior
502;26;31;Outro;Divorciado;5683.86;Fundamental
503;21;18;Masculino;Divorciado;1081.3;Médio
504;24;20;Outro;Solteiro;9609.29;Fundamental
505;15;35;Masculino;Solteiro;3354.86;Fundamental
506;25;26;Outro;Solteiro;6888.48;Superior
507;21;25;Masculino;Solteiro;4284.01;Médio
508;12;41;Feminino;Solteiro;6870.95;Fundamental
509;3;38;Feminino;Divorciado;2691.07;Superior
510;1;52;Masculino;Solteiro;8277.72;Superior
511;25;57;Feminino;Solteiro;9524.43;Superior
512;13;18;Feminino;Divorciado;4951.35;Fundamental
513;5;37;Feminino;Viúvo;1162.28;Superior
514;15;31;Outro;Casado;7755.0;Médio
515;25;56;Outro;Solteiro;6572.76;Superior
516;24;40;Outro;Casado;7863.33;Médio
517;25;21;Masculino;Casado;1061.88;Superior
518;3;41;Masculino;Solteiro;3939.25;Médio
519;3;51;Masculino;Casado;3123.16;Superior
520;26;18;Masculino;Solteiro;7014.56;Médio
521;24;55;Masculino;Casado;1026.66;Médio
522;8;33;Feminino;Solteiro;1997.42;Fundamental
523;16;24;Feminino;Casado;9350.75;Fundamental
524;17;53;Feminino;Divorciado;9803.25;Médio
525;18;32;Masculino;Casado;2730.34;Fundamental
526;8;63;Outro;Solteiro;8867.14;Médio
527;17;59;Masculino;Viúvo;8322.25;Fundamental
528;2;25;Outro;Viúvo;2350.35;Superior
529;27;21;Masculino;Casado;9010.98;Médio
530;11;31;Feminino;Divorciado;7646.9;Superior
531;3;26;Masculino;Viúvo;5211.87;Médio
532;15;45;Feminino;Solteiro;9215.12;Superior
533;22;26;Feminino;Casado;3837.47;Superior
534;20;42;Feminino;Viúvo;9711.5;Fundamental
535;7;52;Masculino;Viúvo;2064.52;Fundamental
536;22;50;Feminino;Divorciado;5030.17;Fundamental
537;22;34;Outro;Solteiro;3921.33;Superior
538;22;42;Feminino;Solteiro;8198.14;Fundamental
539;22;60;Masculino;Divorciado;1292.13;Superior
540;25;43;Feminino;Viúvo;1657.41;Médio
541;10;33;Outro;Solteiro;3642.97;Fundamental
542;8;27;Masculino;Divorciado;6549.76;Fundamental
543;10;50;Feminino;Casado;1863.66;Médio
544;13;45;Outro;Viúvo;1736.27;Fundamental
545;1;48;Outro;Divorciado;6431.65;Superior
546;17;26;Masculino;Viúvo;9787.9;Superior
547;16;42;Masculino;Divorciado;4872.36;Superior
548;10;60;Outro;Casado;4551.22;Fundamental
549;15;43;Outro;Divorciado;4303.91;Fundamental
550;24;60;Feminino;Viúvo;3818.71;Superior
551;8;50;Masculino;Viúvo;4155.88;Superior
552;4;32;Feminino;Solteiro;6570.59;Médio
553;12;24;Masculino;Viúvo;3940.48;Superior
554;23;57;Masculino;Solteiro;5091.43;Fundamental
555;6;24;Feminino;Casado;8796.91;Médio
556;4;54;Feminino;Divorciado;3355.18;Fundamental
557;24;46;Outro;Divorciado;6236.38;Superior
558;8;35;Outro;Divorciado;8891.17;Superior
559;26;63;Feminino;Casado;2746.46;Superior
560;19;41;Masculino;Viúvo;4865.94;Superior
561;7;53;Outro;Solteiro;8464.08;Superior
562;1;63;Masculino;Casado;5375.05;Superior
563;12;64;Masculino;Solteiro;4492.98;Superior
564;17;33;Feminino;Divorciado;3845.75;Fundamental
565;26;50;Masculino;Casado;8765.5;Superior
566;21;62;Feminino;Casado;8649.41;Superior
567;23;42;Masculino;Viúvo;3771.8;Superior
568;24;62;Masculino;Casado;2817.11;Médio
569;24;32;Feminino;Solteiro;3189.12;Superior
570;21;28;Masculino;Divorciado;4676.62;Superior
571;8;52;Outro;Casado;9709.56;Superior
572;20;18;Masculino;Casado;7984.65;Superior
573;10;63;Feminino;Casado;7014.18;Superior
574;23;48;Feminino;Divorciado;3171.26;Médio
575;9;38;Outro;Viúvo;8734.84;Fundamental
576;25;28;Outro;Viúvo;9711.72;Fundamental
577;9;59;Feminino;Viúvo;2727.33;Superior
578;4;52;Outro;Divorciado;8111.79;Fundamental
579;19;30;Outro;Casado;4300.45;Médio
580;15;60;Outro;Solteiro;7742.64;Médio
581;2;50;Masculino;Divorciado;3058.73;Superior
582;14;36;Masculino;Casado;1269.36;Fundamental
583;27;43;Feminino;Divorciado;4593.41;Superior
584;11;47;Feminino;Viúvo;8432.48;Fundamental
585;1;48;Masculino;Viúvo;9909.62;Superior
586;16;37;Outro;Viúvo;7876.31;Fundamental
587;3;24;Feminino;Divorciado;1392.25;Médio
588;2;46;Feminino;Viúvo;7327.5;Médio
589;15;48;Feminino;Solteiro;1450.88;Superior
590;9;21;Masculino;Casado;1539.51;Superior
591;17;38;Masculino;Viúvo;6799.71;Fundamental
592;17;36;Masculino;Viúvo;7423.24;Superior
593;23;24;Outro;Divorciado;2939.92;Superior
594;7;42;Outro;Solteiro;4295.64;Médio
595;20;55;Masculino;Viúvo;7936.66;Fundamental
596;17;20;Outro;Viúvo;7098.77;Superior
597;14;32;Feminino;Divorciado;4049.75;Superior
598;4;22;Feminino;Viúvo;9085.05;Fundamental
599;26;35;Outro;Divorciado;9843.37;Médio
600;17;27;Outro;Viúvo;1214.42;Médio
601;12;57;Feminino;Divorciado;5591.33;Fundamental
602;25;58;Masculino;Solteiro;3310.71;Fundamental
603;26;35;Masculino;Divorciado;6129.77;Médio
604;21;46;Feminino;Solteiro;2470.99;Fundamental
605;19;23;Outro;Casado;3007.72;Médio
606;8;43;Feminino;Divorciado;3782.49;Superior
607;27;23;Masculino;Viúvo;3014.89;Superior
608;1;23;Masculino;Solteiro;6261.47;Superior
609;14;54;Outro;Solteiro;4786.38;Fundamental
610;26;54;Masculino;Divorciado;5179.25;Superior
611;12;58;Masculino;Divorciado;7517.49;Médio
612;7;47;Outro;Viúvo;2296.95;Superior
613;21;51;Feminino;Casado;9307.41;Médio
614;1;59;Outro;Casado;5728.88;Médio
615;5;44;Outro;Viúvo;8650.79;Superior
616;1;30;Feminino;Casado;9830.6;Fundamental
617;23;24;Feminino;Solteiro;4994.14;Fundamental
618;16;53;Masculino;Casado;6813.5;Fundamental
619;19;54;Outro;Divorciado;6206.96;Fundamental
620;23;31;Masculino;Casado;3765.22;Superior
621;20;60;Masculino;Viúvo;7530.53;Médio
622;9;58;Outro;Viúvo;5440.19;Superior
623;4;64;Outro;Viúvo;7593.45;Superior
624;26;51;Feminino;Casado;3169.64;Fundamental
625;20;23;Feminino;Solteiro;3967.99;Fundamental
626;19;27;Masculino;Solteiro;8130.74;Médio
627;27;28;Outro;Casado;1025.4;Superior
628;2;46;Masculino;Viúvo;6367.97;Médio
629;14;52;Feminino;Viúvo;4664.97;Fundamental
630;22;56;Feminino;Viúvo;4377.56;Superior
631;25;29;Outro;Casado;6146.48;Médio
632;23;18;Feminino;Casado;5625.78;Fundamental
633;19;47;Outro;Casado;6015.67;Superior
634;14;37;Masculino;Viúvo;5165.31;Médio
635;6;53;Feminino;Casado;3850.8;Fundamental
636;24;38;Masculino;Divorciado;8345.61;Fundamental
637;7;44;Feminino;Solteiro;8568.05;Médio
638;9;21;Masculino;Casado;9819.51;Fundamental
639;16;52;Masculino;Solteiro;6105.91;Superior
640;27;23;Feminino;Casado;1983.64;Médio
641;21;57;Masculino;Solteiro;7452.73;Médio
642;3;54;Masculino;Solteiro;6269.91;Médio
643;17;38;Feminino;Solteiro;2087.44;Superior
644;25;62;Outro;Casado;3083.4;Médio
645;7;36;Masculino;Casado;2593.88;Médio
646;7;49;Masculino;Divorciado;7291.54;Fundamental
647;20;20;Masculino;Viúvo;4496.58;Superior
648;23;62;Feminino;Casado;7651.79;Superior
649;20;64;Outro;Viúvo;4220.23;Médio
650;26;19;Masculino;Divorciado;3239.84;Superior
651;14;38;Masculino;Solteiro;6200.85;Superior
652;12;46;Outro;Solteiro;7822.95;Médio
653;23;19;Masculino;Solteiro;3495.42;Superior
654;16;63;Feminino;Solteiro;9998.81;Médio
655;4;34;Masculino;Viúvo;7621.01;Fundamental
656;11;42;Outro;Viúvo;8173.91;Fundamental
657;19;57;Masculino;Casado;4272.5;Médio
658;15;45;Outro;Viúvo;6924.91;Superior
659;2;59;Outro;Divorciado;7256.43;Fundamental
660;2;54;Masculino;Viúvo;5780.05;Fundamental
661;18;45;Outro;Divorciado;8386.28;Superior
662;19;43;Masculino;Casado;7078.86;Fundamental
663;15;30;Feminino;Divorciado;1015.33;Fundamental
664;19;40;Masculino;Divorciado;6652.7;Fundamental
665;9;31;Feminino;Casado;4535.84;Fundamental
666;7;20;Outro;Viúvo;1777.58;Fundamental
667;22;63;Feminino;Solteiro;7878.53;Médio
668;1;52;Masculino;Casado;1911.84;Fundamental
669;21;60;Outro;Casado;1583.04;Fundamental
670;26;55;Feminino;Casado;1395.31;Superior
671;13;55;Feminino;Divorciado;1178.12;Médio
672;2;34;Feminino;Viúvo;3913.0;Superior
673;1;58;Outro;Solteiro;4198.32;Fundamental
674;7;50;Feminino;Divorciado;7727.63;Fundamental
675;12;54;Feminino;Divorciado;6966.35;Médio
676;15;56;Masculino;Casado;8359.16;Fundamental
677;18;33;Outro;Divorciado;4439.57;Fundamental
678;5;58;Feminino;Viúvo;8736.34;Superior
679;17;57;Masculino;Casado;5280.77;Superior
680;13;28;Feminino;Viúvo;4635.83;Médio
681;25;58;Outro;Solteiro;2311.1;Superior
682;9;65;Feminino;Solteiro;5548.01;Fundamental
683;5;23;Masculino;Divorciado;6817.72;Médio
684;27;54;Masculino;Casado;1504.16;Superior
685;7;23;Outro;Solteiro;7241.08;Superior
686;17;24;Masculino;Solteiro;3007.74;Fundamental
687;1;19;Outro;Casado;6014.78;Médio
688;25;19;Masculino;Divorciado;1211.53;Médio
689;1;21;Outro;Casado;6294.84;Superior
690;2;31;Outro;Viúvo;1003.02;Fundamental
691;27;56;Outro;Solteiro;8353.56;Fundamental
692;8;31;Feminino;Casado;6314.26;Médio
693;4;58;Outro;Viúvo;1337.22;Fundamental
694;24;56;Outro;Viúvo;9495.34;Fundamental
695;10;19;Masculino;Viúvo;5893.56;Médio
696;4;23;Feminino;Solteiro;7845.78;Fundamental
697;4;56;Outro;Solteiro;9453.55;Fundamental
698;26;18;Feminino;Divorciado;8288.0;Superior
699;21;37;Feminino;Viúvo;4588.35;Médio
700;11;28;Outro;Divorciado;9348.28;Superior
701;11;21;Feminino;Casado;1572.97;Fundamental
702;13;43;Masculino;Solteiro;1137.73;Médio
703;18;36;Masculino;Divorciado;4717.16;Médio
704;21;64;Feminino;Viúvo;2506.19;Superior
705;21;50;Masculino;Solteiro;6408.0;Médio
706;16;63;Masculino;Casado;8225.11;Fundamental
707;17;42;Masculino;Solteiro;8052.51;Superior
708;13;35;Outro;Casado;9669.27;Fundamental
709;4;26;Masculino;Divorciado;5916.25;Fundamental
710;21;54;Outro;Solteiro;7736.27;Superior
711;5;48;Masculino;Divorciado;7634.67;Fundamental
712;25;52;Masculino;Divorciado;9570.73;Fundamental
713;4;60;Masculino;Divorciado;1598.06;Fundamental
714;21;32;Outro;Divorciado;4713.91;Superior
715;14;40;Masculino;Solteiro;1658.82;Superior
716;4;48;Outro;Divorciado;9668.34;Fundamental
717;1;18;Outro;Solteiro;6888.63;Médio
718;11;65;Masculino;Viúvo;5322.12;Médio
719;2;53;Masculino;Viúvo;6939.87;Fundamental
720;23;56;Feminino;Casado;9259.87;Fundamental
721;6;45;Outro;Solteiro;4792.93;Fundamental
722;11;51;Feminino;Casado;8016.43;Fundamental
723;7;57;Outro;Viúvo;2233.74;Médio
724;18;28;Masculino;Solteiro;7090.62;Superior
725;15;44;Feminino;Casado;2717.0;Médio
726;8;51;Masculino;Casado;2983.15;Fundamental
727;11;57;Masculino;Casado;7017.22;Médio
728;2;22;Feminino;Divorciado;9958.14;Médio
729;6;54;Feminino;Divorciado;2910.7;Fundamental
730;5;27;Outro;Divorciado;2145.51;Médio
731;10;48;Feminino;Solteiro;2319.67;Fundamental
732;25;50;Feminino;Divorciado;5258.98;Fundamental
733;17;62;Masculino;Divorciado;9779.64;Superior
734;8;30;Outro;Divorciado;2580.01;Superior
735;4;49;Feminino;Solteiro;3811.23;Fundamental
736;6;53;Feminino;Casado;3438.21;Superior
737;24;59;Masculino;Divorciado;7522.71;Superior
738;2;52;Masculino;Divorciado;3537.23;Médio
739;25;42;Feminino;Solteiro;6032.18;Médio
740;11;63;Masculino;Viúvo;1798.77;Superior
741;2;46;Outro;Viúvo;5630.25;Fundamental
742;7;61;Feminino;Divorciado;6608.54;Fundamental
743;17;61;Feminino;Casado;5816.82;Médio
744;23;38;Outro;Casado;9303.92;Médio
745;5;18;Feminino;Viúvo;6116.55;Médio
746;1;37;Masculino;Divorciado;2315.6;Superior
747;27;32;Outro;Casado;4217.5;Fundamental
748;12;20;Masculino;Casado;9298.28;Superior
749;8;64;Feminino;Casado;8427.28;Médio
750;19;54;Outro;Solteiro;7014.87;Fundamental
751;17;63;Masculino;Viúvo;1621.75;Superior
752;26;22;Masculino;Divorciado;5617.06;Fundamental
753;23;30;Masculino;Divorciado;1826.47;Superior
754;21;36;Masculino;Viúvo;6897.99;Fundamental
755;4;35;Outro;Viúvo;9650.61;Superior
756;1;32;Masculino;Solteiro;2278.54;Médio
757;13;24;Feminino;Viúvo;3614.16;Fundamental
758;18;28;Feminino;Solteiro;3454.27;Médio
759;22;43;Outro;Casado;8886.85;Médio
760;3;40;Feminino;Divorciado;3718.55;Médio
761;27;62;Feminino;Viúvo;3427.11;Fundamental
762;17;26;Feminino;Viúvo;8762.82;Médio
763;5;23;Feminino;Viúvo;9868.65;Médio
764;11;54;Feminino;Solteiro;2129.29;Médio
765;10;47;Feminino;Viúvo;1561.93;Superior
766;5;56;Outro;Viúvo;2636.26;Médio
767;16;27;Outro;Viúvo;9108.78;Fundamental
768;23;42;Feminino;Casado;2286.25;Médio
769;27;24;Outro;Viúvo;8451.4;Médio
770;17;45;Masculino;Solteiro;6916.96;Médio
771;8;27;Feminino;Divorciado;1173.35;Médio
772;19;42;Feminino;Casado;5405.83;Superior
773;6;44;Feminino;Solteiro;3797.13;Fundamental
774;3;52;Feminino;Viúvo;9789.49;Médio
775;12;65;Masculino;Viúvo;8531.92;Médio
776;2;45;Masculino;Divorciado;5759.09;Superior
777;17;24;Feminino;Casado;4680.73;Superior
778;22;34;Feminino;Casado;8596.42;Fundamental
779;2;29;Outro;Solteiro;8229.21;Médio
780;26;54;Outro;Solteiro;2546.4;Fundamental
781;19;50;Feminino;Divorciado;1959.67;Médio
782;7;44;Outro;Viúvo;1157.79;Superior
783;16;46;Feminino;Divorciado;3437.37;Médio
784;10;56;Masculino;Solteiro;3549.84;Superior
785;25;22;Outro;Divorciado;9275.05;Superior
786;19;54;Masculino;Solteiro;7442.11;Superior
787;15;23;Outro;Casado;1324.05;Fundamental
788;20;35;Outro;Casado;6324.34;Médio
789;26;53;Masculino;Viúvo;8519.41;Fundamental
790;25;41;Masculino;Divorciado;7444.59;Fundamental
791;2;39;Outro;Divorciado;1030.2;Superior
792;11;64;Outro;Solteiro;9653.55;Fundamental
793;5;46;Feminino;Casado;7388.11;Superior
794;25;65;Masculino;Solteiro;3301.78;Fundamental
795;9;39;Masculino;Divorciado;7541.53;Superior
796;6;65;Masculino;Casado;4136.95;Superior
797;20;22;Outro;Viúvo;7943.45;Fundamental
798;27;21;Feminino;Solteiro;5564.13;Superior
799;1;19;Masculino;Casado;2270.55;Médio
800;18;22;Outro;Viúvo;2045.65;Superior
801;4;59;Masculino;Divorciado;3193.3;Médio
802;8;60;Feminino;Casado;1958.08;Superior
803;4;43;Masculino;Casado;5330.97;Médio
804;5;57;Outro;Divorciado;4332.07;Superior
805;11;23;Masculino;Solteiro;7863.34;Superior
806;21;57;Feminino;Viúvo;9418.78;Fundamental
807;26;53;Masculino;Casado;5770.97;Médio
808;15;46;Outro;Casado;3673.59;Médio
809;6;27;Masculino;Viúvo;6991.89;Fundamental
810;13;29;Feminino;Solteiro;4962.62;Superior
811;22;55;Masculino;Casado;4795.81;Fundamental
812;21;29;Feminino;Casado;1644.53;Fundamental
813;1;55;Masculino;Casado;3090.02;Superior
814;4;45;Feminino;Solteiro;9587.02;Médio
815;13;49;Masculino;Solteiro;2822.56;Superior
816;21;34;Outro;Solteiro;6317.58;Fundamental
817;22;52;Masculino;Viúvo;5252.99;Fundamental
818;13;22;Feminino;Casado;8989.5;Médio
819;22;28;Masculino;Divorciado;1958.51;Médio
820;1;47;Masculino;Divorciado;1410.62;Superior
821;13;37;Feminino;Divorciado;3337.83;Médio
822;14;53;Feminino;Viúvo;5791.11;Fundamental
823;4;38;Feminino;Casado;2812.86;Superior
824;18;50;Masculino;Solteiro;7745.98;Superior
825;20;39;Masculino;Viúvo;8119.83;Superior
826;13;22;Feminino;Casado;7472.09;Superior
827;24;53;Masculino;Solteiro;8999.3;Fundamental
828;11;32;Feminino;Viúvo;8883.13;Fundamental
829;1;46;Feminino;Casado;7884.47;Fundamental
830;5;62;Outro;Casado;8592.87;Superior
831;13;32;Masculino;Solteiro;9593.31;Superior
832;15;37;Feminino;Viúvo;9044.73;Superior
833;19;47;Masculino;Casado;3003.93;Fundamental
834;11;57;Feminino;Viúvo;3533.28;Superior
835;23;41;Feminino;Viúvo;1738.79;Superior
836;8;27;Feminino;Solteiro;7174.95;Superior
837;25;40;Masculino;Viúvo;1998.06;Superior
838;15;20;Outro;Divorciado;2587.15;Médio
839;22;60;Masculino;Divorciado;4328.02;Superior
840;17;42;Feminino;Casado;9230.17;Fundamental
841;23;65;Masculino;Divorciado;9790.99;Médio
842;9;40;Outro;Viúvo;8806.18;Superior
843;2;51;Feminino;Divorciado;9378.15;Médio
844;4;53;Outro;Solteiro;7340.81;Superior
845;3;64;Masculino;Viúvo;5026.97;Fundamental
846;21;59;Feminino;Divorciado;7590.65;Médio
847;3;50;Feminino;Viúvo;5756.48;Médio
848;1;65;Outro;Viúvo;7435.54;Superior
849;7;43;Masculino;Solteiro;3898.88;Fundamental
850;21;41;Masculino;Divorciado;7879.04;Fundamental
851;11;40;Feminino;Divorciado;5516.08;Fundamental
852;20;19;Feminino;Casado;5720.41;Médio
853;27;24;Feminino;Casado;2969.7;Superior
854;6;49;Feminino;Solteiro;8378.54;Fundamental
855;9;53;Masculino;Viúvo;4100.29;Fundamental
856;25;44;Feminino;Casado;6244.83;Médio
857;10;42;Feminino;Viúvo;8238.09;Médio
858;3;18;Feminino;Divorciado;9575.66;Médio
859;13;51;Feminino;Casado;6948.37;Superior
860;24;57;Masculino;Solteiro;8700.92;Médio
861;14;29;Outro;Divorciado;3526.18;Médio
862;27;36;Feminino;Casado;4998.71;Fundamental
863;4;57;Feminino;Casado;1462.06;Médio
864;9;33;Outro;Casado;1393.12;Médio
865;11;25;Masculino;Viúvo;5269.68;Superior
866;6;28;Outro;Casado;4655.62;Superior
867;10;55;Outro;Divorciado;7881.39;Fundamental
868;26;57;Masculino;Viúvo;5008.62;Médio
869;8;32;Masculino;Casado;5471.65;Fundamental
870;9;61;Outro;Solteiro;9980.76;Fundamental
871;4;64;Feminino;Divorciado;2629.35;Superior
872;6;41;Feminino;Viúvo;9284.19;Médio
873;15;50;Outro;Viúvo;7982.11;Fundamental
874;11;61;Masculino;Viúvo;3719.96;Superior
875;1;34;Feminino;Divorciado;8396.85;Médio
876;22;46;Masculino;Divorciado;4980.9;Fundamental
877;23;19;Masculino;Casado;3956.85;Superior
878;12;48;Feminino;Solteiro;2629.8;Superior
879;12;61;Feminino;Casado;4385.24;Fundamental
880;10;34;Feminino;Divorciado;1523.51;Médio
881;11;57;Masculino;Casado;1930.97;Fundamental
882;8;58;Outro;Divorciado;6932.29;Fundamental
883;12;30;Feminino;Casado;2452.98;Médio
884;1;19;Outro;Casado;1072.86;Superior
885;12;55;Masculino;Divorciado;8049.7;Médio
886;25;48;Outro;Viúvo;6973.25;Superior
887;10;30;Outro;Casado;3177.71;Médio
888;26;25;Masculino;Solteiro;9678.07;Médio
889;14;19;Feminino;Viúvo;6902.08;Fundamental
890;16;54;Outro;Solteiro;1792.88;Superior
891;22;45;Masculino;Solteiro;3926.42;Fundamental
892;1;23;Outro;Divorciado;7088.48;Médio
893;7;44;Outro;Casado;5436.41;Superior
894;21;41;Feminino;Viúvo;5990.48;Fundamental
895;1;52;Masculino;Casado;8448.2;Superior
896;26;23;Masculino;Solteiro;5652.32;Médio
897;24;44;Outro;Solteiro;5339.17;Fundamental
898;19;20;Masculino;Casado;7734.31;Superior
899;20;50;Masculino;Solteiro;4104.84;Superior
900;10;30;Outro;Viúvo;6529.39;Fundamental
901;21;22;Outro;Divorciado;6037.22;Fundamental
902;21;61;Feminino;Divorciado;8430.13;Fundamental
903;23;37;Outro;Viúvo;6038.39;Médio
904;6;40;Outro;Divorciado;8500.46;Médio
905;16;22;Feminino;Viúvo;2978.85;Fundamental
906;9;63;Outro;Viúvo;9897.28;Médio
907;23;53;Outro;Solteiro;1801.85;Superior
908;26;30;Outro;Solteiro;6382.52;Fundamental
909;5;39;Masculino;Casado;8635.49;Fundamental
910;10;56;Masculino;Casado;3981.71;Médio
911;9;62;Outro;Divorciado;8734.27;Fundamental
912;20;20;Outro;Viúvo;7908.99;Médio
913;22;23;Outro;Solteiro;1730.15;Superior
914;8;65;Outro;Casado;3005.76;Superior
915;24;60;Feminino;Divorciado;5297.39;Superior
916;5;32;Feminino;Casado;4097.15;Fundamental
917;27;45;Feminino;Divorciado;2779.99;Fundamental
918;22;63;Outro;Divorciado;7802.27;Superior
919;4;20;Outro;Solteiro;1327.63;Fundamental
920;12;26;Feminino;Casado;3129.48;Médio
921;9;23;Outro;Viúvo;9322.33;Fundamental
922;14;37;Outro;Viúvo;6537.63;Superior
923;16;64;Masculino;Solteiro;6069.85;Médio
924;15;34;Masculino;Viúvo;9833.01;Fundamental
925;6;53;Masculino;Casado;7862.15;Superior
926;24;51;Outro;Solteiro;4279.62;Superior
927;15;50;Masculino;Viúvo;1367.3;Fundamental
928;7;50;Outro;Viúvo;1442.13;Fundamental
929;13;48;Feminino;Casado;4206.37;Fundamental
930;7;43;Masculino;Divorciado;2614.63;Fundamental
931;27;28;Outro;Viúvo;9259.93;Fundamental
932;17;45;Masculino;Solteiro;7103.01;Médio
933;9;33;Feminino;Casado;5324.42;Superior
934;6;47;Feminino;Casado;4616.78;Médio
935;6;54;Outro;Divorciado;1183.8;Superior
936;15;36;Outro;Casado;2280.79;Fundamental
937;21;42;Masculino;Solteiro;9823.58;Fundamental
938;16;39;Outro;Solteiro;4294.96;Superior
939;20;42;Feminino;Viúvo;7600.62;Fundamental
940;21;31;Feminino;Casado;3804.46;Fundamental
941;6;47;Outro;Casado;1917.83;Fundamental
942;6;56;Masculino;Casado;9363.04;Médio
943;26;19;Masculino;Casado;9786.45;Superior
944;19;39;Feminino;Solteiro;8080.51;Superior
945;27;63;Outro;Divorciado;4548.8;Fundamental
946;13;55;Feminino;Casado;2128.93;Fundamental
947;12;34;Masculino;Solteiro;1749.65;Superior
948;19;28;Outro;Divorciado;3416.14;Superior
949;6;53;Masculino;Viúvo;2826.33;Fundamental
950;15;56;Masculino;Divorciado;3309.69;Médio
951;5;49;Feminino;Viúvo;2928.77;Fundamental
952;6;63;Feminino;Casado;8055.33;Médio
953;14;55;Feminino;Viúvo;9560.25;Superior
954;12;50;Masculino;Casado;1405.34;Médio
955;3;44;Outro;Divorciado;1294.92;Médio
956;3;29;Outro;Divorciado;5476.7;Superior
957;19;35;Outro;Divorciado;7954.06;Médio
958;10;38;Outro;Viúvo;5185.11;Superior
959;21;60;Masculino;Divorciado;7188.6;Fundamental
960;21;41;Masculino;Divorciado;2867.07;Fundamental
961;2;32;Masculino;Solteiro;5912.32;Superior
962;6;47;Feminino;Casado;5414.33;Médio
963;2;29;Outro;Divorciado;4092.4;Superior
964;5;54;Outro;Viúvo;1694.16;Superior
965;18;49;Masculino;Casado;1686.95;Superior
966;19;42;Outro;Viúvo;5575.32;Superior
967;7;24;Outro;Casado;7470.9;Médio
968;2;63;Masculino;Divorciado;5383.31;Fundamental
969;1;59;Masculino;Divorciado;3249.91;Superior
970;1;24;Masculino;Casado;7491.39;Superior
971;19;45;Feminino;Divorciado;8931.15;Fundamental
972;12;39;Feminino;Solteiro;2052.9;Fundamental
973;3;24;Outro;Solteiro;4499.91;Fundamental
974;9;50;Masculino;Viúvo;9775.66;Fundamental
975;5;63;Feminino;Divorciado;7539.8;Médio
976;24;35;Feminino;Casado;6302.75;Superior
977;3;56;Masculino;Divorciado;4254.23;Médio
978;21;21;Outro;Casado;8103.26;Fundamental
979;18;21;Masculino;Casado;4442.82;Fundamental
980;15;62;Feminino;Casado;7810.8;Superior
981;21;32;Feminino;Solteiro;4797.15;Médio
982;13;44;Outro;Solteiro;3220.22;Superior
983;26;21;Masculino;Casado;9505.43;Fundamental
984;9;56;Masculino;Solteiro;4445.44;Superior
985;6;63;Masculino;Viúvo;9410.48;Superior
986;24;53;Feminino;Solteiro;1691.75;Fundamental
987;15;55;Outro;Viúvo;6663.16;Superior
988;1;41;Masculino;Casado;6400.27;Médio
989;16;48;Feminino;Solteiro;3056.95;Superior
990;6;22;Masculino;Solteiro;5607.8;Fundamental
991;2;47;Masculino;Casado;8456.97;Médio
992;3;55;Outro;Viúvo;5210.09;Fundamental
993;27;64;Feminino;Divorciado;5400.57;Médio
994;27;33;Outro;Solteiro;9119.15;Fundamental
995;11;52;Feminino;Divorciado;8446.06;Médio
996;11;64;Feminino;Divorciado;7028.34;Médio
997;3;64;Feminino;Solteiro;5688.62;Fundamental
998;20;50;Feminino;Solteiro;2396.81;Fundamental
999;26;27;Outro;Divorciado;2868.56;Fundamental
1000;3;30;Feminino;Solteiro;8315.25;Médio
